#VRML V2.0 utf8
# 3D model generated by easyeda2kicad.py (https://github.com/uPesy/easyeda2kicad.py)

Shape{
    appearance Appearance {
        material  Material 	{
            diffuseColor 0.7529411764705882 0.7529411764705882 0.7529411764705882
            specularColor 0.3764705882352941 0.3764705882352941 0.3764705882352941
            ambientIntensity 0.7529
            transparency 0.0
            shininess 0.5
        }
    }
    geometry IndexedFaceSet {
        ccw TRUE
        solid FALSE
        coord DEF co Coordinate {
            point [
                0.193 -0.1997 0.3268, 0.193 0.0119 0.3268, 0.1673 0.0119 0.3268, -0.2186 0.2909 0.3268, -0.2165 0.2756 0.3268, -0.0906 0.3937 0.3268, 0.193 0.3937 0.3268, 0.1673 0.3937 0.3268, 0.3937 0.0119 0.3268, 0.3937 0.3937 0.3268, 0.2691 0.3937 0.3268, 0.235 -0.2743 0.3268, 0.2356 -0.2736 0.3268, 0.2356 -0.2692 0.3268, 0.2234 -0.2692 0.3268, 0.2231 -0.2692 0.3268, 0.2294 -0.2692 0.3268, 0.2032 -0.2 0.3268, 0.2052 -0.1997 0.3268, 0.1946 -0.1997 0.3268, 0.2101 -0.2267 0.3268, 0.2084 -0.2269 0.3268, 0.2172 -0.2269 0.3268, 0.1442 -0.2208 0.3268, 0.1493 -0.2251 0.3268, 0.1673 -0.1997 0.3268, 0.1673 -0.2269 0.3268, 0.1197 -0.1974 0.3268, 0.1231 -0.1997 0.3268, 0.1274 -0.2027 0.3268, 0.1338 -0.2101 0.3268, 0.1376 -0.2177 0.3268, 0.1386 -0.218 0.3268, 0.0839 -0.1971 0.3268, 0.0927 -0.1938 0.3268, -0.0906 0.0119 0.3268, 0.1016 -0.1928 0.3268, 0.1103 -0.1938 0.3268, 0.0796 -0.1997 0.3268, -0.0906 -0.1997 0.3268, 0.0788 -0.2002 0.3268, -0.0906 -0.2269 0.3268, 0.038 -0.2269 0.3268, 0.0397 -0.2231 0.3268, 0.0443 -0.2173 0.3268, 0.0586 -0.2091 0.3268, 0.0661 -0.2082 0.3268, 0.0743 -0.204 0.3268, 0.0683 -0.2083 0.3268, 0.0704 -0.2086 0.3268, 0.0455 -0.2161 0.3268, 0.0516 -0.2118 0.3268, 0.0492 -0.2646 0.3268, 0.0433 -0.2596 0.3268, -0.0906 -0.2692 0.3268, 0.0561 -0.268 0.3268, 0.039 -0.2534 0.3268, 0.0363 -0.2463 0.3268, -0.0906 -0.2347 0.3268, 0.0353 -0.2389 0.3268, 0.0354 -0.2371 0.3268, 0.0358 -0.2347 0.3268, 0.0367 -0.23 0.3268, 0.0585 -0.2687 0.3268, 0.0587 -0.2692 0.3268, 0.0604 -0.2728 0.3268, 0.0632 -0.2763 0.3268, 0.0844 -0.2798 0.3268, 0.0811 -0.281 0.3268, 0.1673 -0.3937 0.3268, 0.0765 -0.2816 0.3268, -0.0906 -0.3937 0.3268, 0.0758 -0.2816 0.3268, 0.0713 -0.2809 0.3268, -0.0906 -0.2798 0.3268, 0.0687 -0.2798 0.3268, 0.0669 -0.2791 0.3268, 0.0943 -0.2692 0.3268, 0.0943 -0.2693 0.3268, 0.1673 -0.2798 0.3268, 0.092 -0.2735 0.3268, 0.0891 -0.2768 0.3268, 0.0853 -0.2794 0.3268, 0.1555 -0.2363 0.3268, 0.1564 -0.2425 0.3268, 0.1673 -0.2347 0.3268, 0.1185 -0.258 0.3268, 0.1198 -0.2575 0.3268, 0.1221 -0.2467 0.3268, 0.1494 -0.2605 0.3268, 0.1442 -0.2649 0.3268, 0.1673 -0.2692 0.3268, 0.0908 -0.2499 0.3268, 0.1162 -0.2366 0.3268, 0.0874 -0.2469 0.3268, 0.0834 -0.2447 0.3268, 0.1174 -0.2589 0.3268, 0.1532 -0.2553 0.3268, 0.1446 -0.241 0.3268, 0.1437 -0.2374 0.3268, 0.1422 -0.2347 0.3268, 0.0478 -0.2347 0.3268, 0.1555 -0.2493 0.3268, 0.1213 -0.2573 0.3268, 0.1215 -0.2573 0.3268, 0.1221 -0.2575 0.3268, 0.0489 -0.2461 0.3268, 0.0511 -0.2499 0.3268, 0.0608 -0.2519 0.3268, 0.0545 -0.2534 0.3268, 0.0587 -0.256 0.3268, 0.0678 -0.2456 0.3268, 0.0639 -0.2483 0.3268, 0.0473 -0.2385 0.3268, 0.0475 -0.2415 0.3268, 0.072 -0.244 0.3268, 0.0765 -0.2435 0.3268, 0.0788 -0.2436 0.3268, 0.1154 -0.2632 0.3268, 0.1155 -0.2625 0.3268, 0.0955 -0.2607 0.3268, 0.1159 -0.261 0.3268, 0.1166 -0.2597 0.3268, 0.1408 -0.2527 0.3268, 0.1429 -0.2498 0.3268, 0.1442 -0.2464 0.3268, 0.1446 -0.2427 0.3268, 0.1199 -0.2689 0.3268, 0.1186 -0.2684 0.3268, 0.1174 -0.2675 0.3268, 0.1169 -0.2671 0.3268, 0.1161 -0.2659 0.3268, 0.1156 -0.2646 0.3268, 0.0954 -0.2646 0.3268, 0.0955 -0.2626 0.3268, 0.1384 -0.2678 0.3268, 0.1321 -0.2691 0.3268, 0.1209 -0.2691 0.3268, 0.1224 -0.2575 0.3268, 0.131 -0.2575 0.3268, 0.1344 -0.2569 0.3268, 0.1377 -0.2553 0.3268, 0.1405 -0.253 0.3268, 0.1283 -0.2279 0.3268, 0.0495 -0.2297 0.3268, 0.0479 -0.2339 0.3268, 0.1298 -0.2279 0.3268, 0.1419 -0.2341 0.3268, 0.1397 -0.2317 0.3268, 0.1368 -0.2296 0.3268, 0.1335 -0.2284 0.3268, 0.1242 -0.2165 0.3268, 0.12 -0.2114 0.3268, 0.0763 -0.2224 0.3268, 0.1195 -0.211 0.3268, 0.1141 -0.2073 0.3268, 0.0792 -0.2164 0.3268, 0.0515 -0.2269 0.3268, 0.075 -0.2217 0.3268, 0.1281 -0.2269 0.3268, 0.1272 -0.2226 0.3268, 0.0707 -0.2201 0.3268, 0.0663 -0.2196 0.3268, 0.0643 -0.2197 0.3268, 0.0835 -0.2113 0.3268, 0.1082 -0.205 0.3268, 0.0886 -0.2076 0.3268, 0.1018 -0.2042 0.3268, 0.0948 -0.2051 0.3268, 0.0596 -0.2208 0.3268, 0.0554 -0.223 0.3268, 0.0521 -0.2259 0.3268, 0.1506 -0.2269 0.3268, 0.1532 -0.2305 0.3268, 0.1549 -0.2347 0.3268, 0.2789 -0.2194 0.3268, 0.2691 -0.2194 0.3268, 0.2816 -0.2267 0.3268, 0.2691 -0.2269 0.3268, 0.2854 -0.2267 0.3268, 0.3937 -0.2269 0.3268, 0.3937 -0.1997 0.3268, 0.2752 -0.2 0.3268, 0.2691 -0.1997 0.3268, 0.2677 -0.2194 0.3268, 0.2652 -0.2267 0.3268, 0.2606 -0.2269 0.3268, 0.2614 -0.2267 0.3268, 0.2606 -0.1997 0.3268, 0.2691 -0.2065 0.3268, 0.2715 -0.2 0.3268, 0.2294 -0.2146 0.3268, 0.2222 -0.2146 0.3268, 0.2294 -0.2236 0.3268, 0.2222 -0.2236 0.3268, 0.2356 -0.1997 0.3268, 0.2294 -0.1997 0.3268, 0.2325 -0.2 0.3268, 0.2294 -0.2 0.3268, 0.2325 -0.203 0.3268, 0.2331 -0.2236 0.3268, 0.2356 -0.2269 0.3268, 0.2331 -0.2267 0.3268, 0.2294 -0.2269 0.3268, 0.2318 -0.2146 0.3268, 0.2318 -0.2116 0.3268, 0.2294 -0.2116 0.3268, 0.2294 -0.203 0.3268, 0.2222 -0.203 0.3268, 0.2222 -0.2116 0.3268, 0.2188 -0.2 0.3268, 0.2172 -0.1997 0.3268, 0.2188 -0.2267 0.3268, 0.2134 -0.2006 0.3268, 0.2106 -0.1998 0.3268, 0.21 -0.1997 0.3268, 0.2294 -0.2267 0.3268, 0.2134 -0.2042 0.3268, 0.213 -0.2258 0.3268, 0.2071 -0.2026 0.3268, 0.2059 -0.2027 0.3268, 0.2041 -0.2238 0.3268, 0.2065 -0.224 0.3268, 0.2078 -0.224 0.3268, 0.2131 -0.204 0.3268, 0.2108 -0.2234 0.3268, 0.2134 -0.2222 0.3268, 0.2134 -0.2255 0.3268, 0.2004 -0.2219 0.3268, 0.1971 -0.2147 0.3268, 0.1997 -0.2212 0.3268, 0.1975 -0.2174 0.3268, 0.1984 -0.2195 0.3268, 0.2104 -0.203 0.3268, 0.2036 -0.2032 0.3268, 0.2016 -0.2042 0.3268, 0.1999 -0.2056 0.3268, 0.1997 -0.2058 0.3268, 0.1984 -0.2076 0.3268, 0.1975 -0.21 0.3268, 0.1971 -0.2136 0.3268, 0.2022 -0.2231 0.3268, 0.1946 0.0119 0.3268, 0.2071 -0.1995 0.3268, 0.2172 0.0119 0.3268, 0.1941 -0.2089 0.3268, 0.1946 -0.2077 0.3268, 0.1954 -0.206 0.3268, 0.1973 -0.2034 0.3268, 0.198 -0.2028 0.3268, 0.2005 -0.2011 0.3268, 0.1946 -0.2199 0.3268, 0.194 -0.2181 0.3268, 0.193 -0.2269 0.3268, 0.1934 -0.2138 0.3268, 0.1935 -0.2124 0.3268, 0.1946 -0.2269 0.3268, 0.2012 -0.2263 0.3268, 0.1987 -0.225 0.3268, 0.1969 -0.2235 0.3268, 0.1966 -0.2232 0.3268, 0.195 -0.2209 0.3268, 0.2036 -0.2269 0.3268, 0.1946 -0.2347 0.3268, 0.204 -0.227 0.3268, 0.206 -0.2271 0.3268, 0.2172 -0.2347 0.3268, 0.2592 -0.2178 0.3268, 0.2578 -0.2206 0.3268, 0.2504 -0.1997 0.3268, 0.2504 -0.2006 0.3268, 0.2531 -0.2016 0.3268, 0.2504 -0.226 0.3268, 0.2504 -0.2269 0.3268, 0.2531 -0.2249 0.3268, 0.2559 -0.2229 0.3268, 0.2559 -0.2035 0.3268, 0.2568 -0.2044 0.3268, 0.2585 -0.2068 0.3268, 0.2594 -0.2093 0.3268, 0.2599 -0.213 0.3268, 0.2598 -0.2147 0.3268, 0.2458 -0.2 0.3268, 0.2498 -0.2004 0.3268, 0.25 -0.2261 0.3268, 0.2455 -0.2267 0.3268, 0.2382 -0.2267 0.3268, 0.2382 -0.2 0.3268, 0.205 -0.2688 0.3268, 0.2037 -0.2692 0.3268, 0.2078 -0.269 0.3268, 0.1972 -0.2599 0.3268, 0.1977 -0.2545 0.3268, 0.1965 -0.2608 0.3268, 0.1961 -0.262 0.3268, 0.2061 -0.268 0.3268, 0.1999 -0.2692 0.3268, 0.1986 -0.2687 0.3268, 0.1946 -0.2692 0.3268, 0.1964 -0.2665 0.3268, 0.196 -0.2654 0.3268, 0.1977 -0.2513 0.3268, 0.1984 -0.2509 0.3268, 0.2077 -0.2501 0.3268, 0.2162 -0.2528 0.3268, 0.2168 -0.2519 0.3268, 0.1982 -0.259 0.3268, 0.1997 -0.2583 0.3268, 0.1997 -0.2532 0.3268, 0.2021 -0.2577 0.3268, 0.2051 -0.2523 0.3268, 0.2039 -0.2522 0.3268, 0.2018 -0.2524 0.3268, 0.1975 -0.2679 0.3268, 0.1971 -0.2676 0.3268, 0.2078 -0.266 0.3268, 0.2077 -0.266 0.3268, 0.2072 -0.2669 0.3268, 0.2009 -0.2499 0.3268, 0.2042 -0.2495 0.3268, 0.2063 -0.2497 0.3268, 0.1958 -0.2639 0.3268, 0.1958 -0.2634 0.3268, 0.2088 -0.2507 0.3268, 0.2097 -0.2516 0.3268, 0.2158 -0.2539 0.3268, 0.2104 -0.2527 0.3268, 0.2109 -0.2542 0.3268, 0.2078 -0.2569 0.3268, 0.2077 -0.2554 0.3268, 0.2073 -0.2542 0.3268, 0.2069 -0.2535 0.3268, 0.2172 -0.2587 0.3268, 0.2157 -0.2649 0.3268, 0.2172 -0.2587 0.3268, 0.217 -0.2657 0.3268, 0.2172 -0.2658 0.3268, 0.2166 -0.2581 0.3268, 0.2162 -0.2574 0.3268, 0.2111 -0.2567 0.3268, 0.2158 -0.2564 0.3268, 0.2157 -0.2551 0.3268, 0.2064 -0.253 0.3268, 0.2058 -0.2526 0.3268, 0.2036 -0.2693 0.3268, 0.2172 -0.2798 0.3268, 0.1946 -0.2798 0.3268, 0.2019 -0.2694 0.3268, 0.1999 -0.2692 0.3268, 0.2157 -0.2683 0.3268, 0.2111 -0.269 0.3268, 0.2172 -0.2689 0.3268, 0.2172 -0.2692 0.3268, 0.2178 -0.2691 0.3268, 0.2189 -0.2692 0.3268, 0.2208 -0.2694 0.3268, 0.2276 -0.2503 0.3268, 0.2276 -0.2536 0.3268, 0.2178 -0.251 0.3268, 0.2189 -0.2504 0.3268, 0.2284 -0.2652 0.3268, 0.228 -0.2662 0.3268, 0.2274 -0.2671 0.3268, 0.2172 -0.2516 0.3268, 0.2207 -0.2497 0.3268, 0.2231 -0.2495 0.3268, 0.2294 -0.2347 0.3268, 0.2254 -0.2497 0.3268, 0.2274 -0.2607 0.3268, 0.228 -0.2616 0.3268, 0.2284 -0.2626 0.3268, 0.2285 -0.2638 0.3268, 0.2264 -0.2679 0.3268, 0.2253 -0.2686 0.3268, 0.2228 -0.2522 0.3268, 0.2218 -0.2523 0.3268, 0.2191 -0.2548 0.3268, 0.2209 -0.2525 0.3268, 0.2202 -0.2529 0.3268, 0.2192 -0.2552 0.3268, 0.2193 -0.2557 0.3268, 0.2195 -0.2562 0.3268, 0.2199 -0.2565 0.3268, 0.221 -0.2573 0.3268, 0.225 -0.2525 0.3268, 0.2231 -0.2582 0.3268, 0.2269 -0.2532 0.3268, 0.2244 -0.2587 0.3268, 0.2266 -0.2599 0.3268, 0.2196 -0.2534 0.3268, 0.2194 -0.2538 0.3268, 0.2192 -0.2542 0.3268, 0.219 -0.2665 0.3268, 0.2208 -0.2606 0.3268, 0.2188 -0.2597 0.3268, 0.2212 -0.2667 0.3268, 0.2213 -0.2667 0.3268, 0.2229 -0.2615 0.3268, 0.223 -0.2665 0.3268, 0.2251 -0.2641 0.3268, 0.2251 -0.2637 0.3268, 0.2239 -0.2662 0.3268, 0.2242 -0.266 0.3268, 0.2246 -0.2657 0.3268, 0.2249 -0.2652 0.3268, 0.225 -0.2648 0.3268, 0.2249 -0.2632 0.3268, 0.2247 -0.2628 0.3268, 0.2243 -0.2623 0.3268, 0.2451 -0.2499 0.3268, 0.2486 -0.2499 0.3268, 0.2504 -0.2347 0.3268, 0.239 -0.2643 0.3268, 0.2394 -0.2658 0.3268, 0.2395 -0.2658 0.3268, 0.2356 -0.2347 0.3268, 0.2356 -0.2546 0.3268, 0.2399 -0.2643 0.3268, 0.2397 -0.2652 0.3268, 0.2356 -0.2635 0.3268, 0.2303 -0.2499 0.3268, 0.234 -0.2499 0.3268, 0.2378 -0.269 0.3268, 0.2376 -0.2692 0.3268, 0.2363 -0.2724 0.3268, 0.2294 -0.2798 0.3268, 0.231 -0.2777 0.3268, 0.231 -0.2747 0.3268, 0.2317 -0.2749 0.3268, 0.2329 -0.2751 0.3268, 0.2356 -0.2774 0.3268, 0.2345 -0.2778 0.3268, 0.2356 -0.2798 0.3268, 0.2331 -0.278 0.3268, 0.2324 -0.2779 0.3268, 0.2337 -0.275 0.3268, 0.2344 -0.2747 0.3268, 0.2399 -0.2719 0.3268, 0.2384 -0.2748 0.3268, 0.2504 -0.2798 0.3268, 0.241 -0.2692 0.3268, 0.2372 -0.2763 0.3268, 0.237 -0.2765 0.3268, 0.2358 -0.2773 0.3268, 0.2606 -0.257 0.3268, 0.2556 -0.257 0.3268, 0.2606 -0.266 0.3268, 0.2556 -0.266 0.3268, 0.2659 -0.2423 0.3268, 0.2659 -0.2454 0.3268, 0.2691 -0.2347 0.3268, 0.2665 -0.266 0.3268, 0.2691 -0.2692 0.3268, 0.2665 -0.269 0.3268, 0.2606 -0.2692 0.3268, 0.2652 -0.257 0.3268, 0.2652 -0.2539 0.3268, 0.2606 -0.2539 0.3268, 0.2606 -0.2454 0.3268, 0.2556 -0.2454 0.3268, 0.2556 -0.2539 0.3268, 0.2606 -0.269 0.3268, 0.2522 -0.269 0.3268, 0.2504 -0.2692 0.3268, 0.2522 -0.2423 0.3268, 0.2606 -0.2423 0.3268, 0.2606 -0.2347 0.3268, 0.2691 0.0119 0.3268, 0.2606 0.3937 0.3268, 0.2606 0.0119 0.3268, 0.2504 0.3937 0.3268, 0.2504 0.0119 0.3268, 0.2356 0.3937 0.3268, 0.2356 0.0119 0.3268, 0.2294 0.3937 0.3268, 0.2294 0.0119 0.3268, 0.2172 0.3937 0.3268, 0.1946 0.3937 0.3268, -0.2186 0.2603 0.3268, -0.2909 0.3326 0.3268, -0.2756 0.3347 0.3268, -0.3937 0.3937 0.3268, -0.2245 0.2461 0.3268, -0.2338 0.2338 0.3268, -0.2461 0.2245 0.3268, -0.2603 0.2186 0.3268, -0.2756 0.2165 0.3268, -0.3937 0.0119 0.3268, -0.3326 0.2909 0.3268, -0.3267 0.3051 0.3268, -0.2603 0.3326 0.3268, -0.2461 0.3267 0.3268, -0.2909 0.2186 0.3268, -0.3051 0.2245 0.3268, -0.3174 0.2338 0.3268, -0.3174 0.3174 0.3268, -0.3051 0.3267 0.3268, -0.2338 0.3174 0.3268, -0.2245 0.3051 0.3268, -0.3267 0.2461 0.3268, -0.3326 0.2603 0.3268, -0.3347 0.2756 0.3268, 0.1923 -0.2236 0.3268, 0.1923 -0.2267 0.3268, 0.1783 -0.2267 0.3268, 0.1783 -0.2 0.3268, 0.1817 -0.2 0.3268, 0.1817 -0.2236 0.3268, 0.193 -0.2347 0.3268, 0.2986 -0.269 0.3268, 0.2948 -0.269 0.3268, 0.315 -0.269 0.3268, 0.3123 -0.2617 0.3268, 0.3012 -0.2617 0.3268, 0.3188 -0.269 0.3268, 0.3937 -0.2692 0.3268, 0.3086 -0.2423 0.3268, 0.3937 -0.2347 0.3268, 0.2926 -0.2601 0.3268, 0.2932 -0.257 0.3268, 0.305 -0.2423 0.3268, 0.2933 -0.2553 0.3268, 0.2929 -0.2516 0.3268, 0.2913 -0.2629 0.3268, 0.2893 -0.2653 0.3268, 0.2865 -0.2673 0.3268, 0.2716 -0.2423 0.3268, 0.2716 -0.269 0.3268, 0.2789 -0.269 0.3268, 0.2834 -0.2684 0.3268, 0.2893 -0.2458 0.3268, 0.2902 -0.2468 0.3268, 0.2919 -0.2491 0.3268, 0.2792 -0.2423 0.3268, 0.2833 -0.2428 0.3268, 0.2865 -0.2439 0.3268, 0.193 -0.2692 0.3268, 0.1783 -0.269 0.3268, 0.1926 -0.269 0.3268, 0.1926 -0.266 0.3268, 0.192 -0.2454 0.3268, 0.1783 -0.2423 0.3268, 0.192 -0.2423 0.3268, 0.1817 -0.257 0.3268, 0.1817 -0.266 0.3268, 0.1913 -0.257 0.3268, 0.1913 -0.2539 0.3268, 0.1817 -0.2539 0.3268, 0.1817 -0.2454 0.3268, 0.2606 -0.2798 0.3268, 0.2691 -0.2798 0.3268, 0.3937 -0.2798 0.3268, 0.193 -0.2798 0.3268, 0.193 -0.3937 0.3268, 0.1946 -0.3937 0.3268, 0.2172 -0.3937 0.3268, 0.2294 -0.3937 0.3268, 0.2356 -0.3937 0.3268, 0.2504 -0.3937 0.3268, 0.2606 -0.3937 0.3268, 0.2691 -0.3937 0.3268, 0.3937 -0.3937 0.3268, -0.3937 -0.1997 0.3268, -0.3937 -0.2269 0.3268, -0.3937 -0.2347 0.3268, -0.3937 -0.2692 0.3268, -0.3937 -0.2798 0.3268, -0.3937 -0.3937 0.3268
            ]
        }
        coordIndex [
            0,1,2,-1,3,4,5,-1,1,6,7,-1,8,9,10,-1,11,12,13,-1,14,15,16,-1,17,18,19,-1,20,21,22,-1,23,24,25,-1,25,24,26,-1,27,28,25,-1,25,28,29,-1,25,29,30,-1,30,31,25,-1,25,31,32,-1,25,32,23,-1,33,34,35,-1,35,34,2,-1,2,34,36,-1,2,36,37,-1,33,35,38,-1,38,35,39,-1,38,39,40,-1,41,42,39,-1,39,42,43,-1,39,43,44,-1,39,45,40,-1,40,45,46,-1,40,46,47,-1,47,46,48,-1,47,48,49,-1,44,50,39,-1,39,50,51,-1,39,51,45,-1,52,53,54,-1,52,54,55,-1,53,56,54,-1,54,56,57,-1,54,57,58,-1,58,57,59,-1,59,60,58,-1,58,60,61,-1,58,61,41,-1,41,61,62,-1,41,62,42,-1,63,55,64,-1,64,55,54,-1,64,54,65,-1,65,54,66,-1,67,68,69,-1,69,68,70,-1,69,70,71,-1,70,72,71,-1,71,72,73,-1,71,73,74,-1,74,73,75,-1,74,75,54,-1,54,75,76,-1,54,76,66,-1,77,78,79,-1,79,78,80,-1,80,81,79,-1,79,81,82,-1,79,82,67,-1,83,84,85,-1,86,87,88,-1,89,90,91,-1,92,93,94,-1,94,93,95,-1,86,88,96,-1,89,91,97,-1,98,99,93,-1,93,99,100,-1,93,100,101,-1,85,84,91,-1,91,84,102,-1,91,102,97,-1,87,103,88,-1,88,103,104,-1,88,104,105,-1,106,107,108,-1,108,107,109,-1,108,109,110,-1,111,101,112,-1,112,101,113,-1,112,113,108,-1,108,113,114,-1,108,114,106,-1,111,115,101,-1,101,115,116,-1,101,116,93,-1,93,116,117,-1,93,117,95,-1,118,119,120,-1,120,119,121,-1,120,121,88,-1,88,121,122,-1,88,122,96,-1,123,124,88,-1,88,124,125,-1,88,125,93,-1,93,125,126,-1,93,126,98,-1,127,128,77,-1,77,128,129,-1,77,129,130,-1,130,131,77,-1,77,131,132,-1,77,132,133,-1,133,132,118,-1,133,118,134,-1,134,118,120,-1,90,135,91,-1,91,135,136,-1,91,136,77,-1,77,136,137,-1,77,137,127,-1,105,138,88,-1,88,138,139,-1,88,139,140,-1,140,141,88,-1,88,141,142,-1,88,142,123,-1,143,144,145,-1,145,101,143,-1,143,101,100,-1,143,100,146,-1,146,100,147,-1,147,148,146,-1,146,148,149,-1,146,149,150,-1,151,152,153,-1,152,154,153,-1,153,154,155,-1,153,155,156,-1,157,153,158,-1,144,143,157,-1,157,143,159,-1,157,159,153,-1,153,159,160,-1,153,160,151,-1,158,161,157,-1,157,161,162,-1,157,162,163,-1,156,155,164,-1,164,155,165,-1,164,165,166,-1,166,165,167,-1,166,167,168,-1,169,170,163,-1,163,170,171,-1,163,171,157,-1,24,172,26,-1,26,172,173,-1,26,173,85,-1,85,173,174,-1,85,174,83,-1,175,176,177,-1,177,176,178,-1,177,178,179,-1,180,181,182,-1,182,181,183,-1,176,184,178,-1,178,184,185,-1,178,185,186,-1,186,185,187,-1,186,187,188,-1,188,187,189,-1,188,189,183,-1,183,189,190,-1,183,190,182,-1,191,192,193,-1,193,192,194,-1,195,196,197,-1,197,196,198,-1,197,199,195,-1,195,199,200,-1,195,200,201,-1,201,200,202,-1,201,202,203,-1,191,193,204,-1,204,193,200,-1,204,200,205,-1,205,200,199,-1,205,199,206,-1,199,207,206,-1,206,207,208,-1,206,208,209,-1,198,196,210,-1,210,196,211,-1,210,211,212,-1,213,211,214,-1,214,211,215,-1,202,216,203,-1,203,216,212,-1,203,212,22,-1,22,212,211,-1,22,211,217,-1,217,211,213,-1,20,22,218,-1,219,220,221,-1,222,223,224,-1,224,223,225,-1,224,225,217,-1,217,225,226,-1,217,226,22,-1,22,226,227,-1,22,227,218,-1,228,229,230,-1,230,229,231,-1,230,231,232,-1,222,224,221,-1,221,224,233,-1,221,233,219,-1,220,234,221,-1,221,234,235,-1,221,235,236,-1,236,237,221,-1,221,237,238,-1,221,238,239,-1,239,240,221,-1,221,240,229,-1,221,229,241,-1,241,229,228,-1,19,18,242,-1,18,243,242,-1,242,243,215,-1,242,215,244,-1,245,246,19,-1,19,246,247,-1,19,247,248,-1,248,249,19,-1,19,249,250,-1,19,250,17,-1,251,252,253,-1,253,252,254,-1,254,255,0,-1,256,257,258,-1,258,259,256,-1,256,259,260,-1,256,260,261,-1,257,256,262,-1,262,256,263,-1,262,263,264,-1,264,263,265,-1,265,263,266,-1,265,266,21,-1,267,268,186,-1,269,270,188,-1,188,270,271,-1,272,273,274,-1,274,273,186,-1,274,186,275,-1,275,186,268,-1,271,276,188,-1,188,276,277,-1,188,277,278,-1,278,279,188,-1,188,279,280,-1,188,280,186,-1,186,280,281,-1,186,281,267,-1,195,282,269,-1,269,282,283,-1,269,283,270,-1,272,284,273,-1,273,284,285,-1,273,285,201,-1,201,285,286,-1,201,286,195,-1,195,286,287,-1,195,287,282,-1,288,289,290,-1,291,292,293,-1,293,292,294,-1,288,290,295,-1,296,297,298,-1,298,299,300,-1,263,301,302,-1,303,304,305,-1,291,306,292,-1,292,306,307,-1,292,307,308,-1,308,307,309,-1,310,311,309,-1,309,311,312,-1,309,312,308,-1,297,313,298,-1,298,313,314,-1,298,314,299,-1,315,316,290,-1,290,316,317,-1,290,317,295,-1,302,318,263,-1,263,318,319,-1,263,319,320,-1,300,321,298,-1,298,321,322,-1,298,322,263,-1,263,322,294,-1,263,294,301,-1,301,294,292,-1,303,323,304,-1,304,323,324,-1,304,324,325,-1,325,324,326,-1,325,326,327,-1,328,329,309,-1,309,329,330,-1,309,330,331,-1,332,333,334,-1,334,333,335,-1,334,335,336,-1,337,338,339,-1,339,338,340,-1,339,340,327,-1,327,340,341,-1,327,341,325,-1,331,342,309,-1,309,342,343,-1,309,343,310,-1,289,344,345,-1,345,344,346,-1,346,344,347,-1,346,347,348,-1,332,337,333,-1,333,337,339,-1,333,339,349,-1,349,339,350,-1,349,350,351,-1,351,350,352,-1,351,352,353,-1,353,352,354,-1,355,354,345,-1,345,354,352,-1,345,352,289,-1,289,352,350,-1,289,350,290,-1,356,357,16,-1,358,359,266,-1,360,361,16,-1,16,361,362,-1,320,303,263,-1,263,303,305,-1,263,305,266,-1,266,305,363,-1,266,363,358,-1,359,364,266,-1,266,364,365,-1,266,365,366,-1,366,365,367,-1,366,367,356,-1,368,369,357,-1,357,369,370,-1,357,370,16,-1,16,370,371,-1,16,371,360,-1,362,372,16,-1,16,372,373,-1,16,373,14,-1,374,375,376,-1,376,375,377,-1,376,377,378,-1,376,379,374,-1,374,379,380,-1,374,380,381,-1,381,382,374,-1,374,382,383,-1,374,383,384,-1,384,383,385,-1,384,385,386,-1,386,385,387,-1,386,387,357,-1,357,387,388,-1,357,388,368,-1,389,390,378,-1,378,390,391,-1,378,391,376,-1,392,393,336,-1,336,393,394,-1,336,394,334,-1,392,395,393,-1,393,395,396,-1,393,396,397,-1,397,396,398,-1,397,399,400,-1,398,401,397,-1,397,401,402,-1,397,402,403,-1,403,404,397,-1,397,404,405,-1,397,405,399,-1,400,406,397,-1,397,406,407,-1,397,407,408,-1,409,410,411,-1,412,413,414,-1,411,415,409,-1,409,415,416,-1,409,416,417,-1,417,416,412,-1,417,412,418,-1,418,412,414,-1,13,419,16,-1,16,419,420,-1,356,16,366,-1,366,16,420,-1,366,420,415,-1,415,420,421,-1,415,421,416,-1,422,419,423,-1,423,419,13,-1,423,13,424,-1,424,13,12,-1,425,426,427,-1,355,345,15,-1,15,345,425,-1,15,425,16,-1,16,425,427,-1,16,427,13,-1,13,427,428,-1,13,428,429,-1,430,431,432,-1,432,431,433,-1,432,433,425,-1,425,433,434,-1,425,434,426,-1,429,435,13,-1,13,435,436,-1,13,436,11,-1,437,438,439,-1,437,439,440,-1,438,441,439,-1,439,441,442,-1,439,442,432,-1,432,442,443,-1,432,443,430,-1,444,445,446,-1,446,445,447,-1,448,449,450,-1,450,449,451,-1,450,451,452,-1,452,451,453,-1,452,453,454,-1,444,446,455,-1,455,446,451,-1,455,451,456,-1,456,451,449,-1,456,449,457,-1,449,458,457,-1,457,458,459,-1,457,459,460,-1,453,461,454,-1,454,461,462,-1,454,462,463,-1,463,462,464,-1,448,450,465,-1,465,450,466,-1,465,466,464,-1,464,466,411,-1,464,411,463,-1,463,411,410,-1,463,410,440,-1,8,10,467,-1,467,10,468,-1,467,468,469,-1,469,468,470,-1,469,470,471,-1,471,470,472,-1,471,472,473,-1,473,472,474,-1,473,474,475,-1,475,474,476,-1,475,476,244,-1,244,476,477,-1,244,477,242,-1,1,7,2,-1,2,7,5,-1,2,5,35,-1,35,5,4,-1,35,4,478,-1,479,480,481,-1,478,482,35,-1,35,482,483,-1,35,483,484,-1,485,486,487,-1,488,489,481,-1,481,480,5,-1,5,480,490,-1,5,490,491,-1,486,492,487,-1,487,492,493,-1,487,493,494,-1,489,495,481,-1,481,495,496,-1,481,496,479,-1,491,497,5,-1,5,497,498,-1,5,498,3,-1,494,499,487,-1,487,499,500,-1,487,500,481,-1,481,500,501,-1,481,501,488,-1,215,211,244,-1,244,211,196,-1,244,196,475,-1,475,196,195,-1,475,195,473,-1,473,195,269,-1,473,269,471,-1,471,269,188,-1,471,188,469,-1,469,188,183,-1,469,183,467,-1,467,183,181,-1,467,181,8,-1,477,6,242,-1,242,6,1,-1,242,1,19,-1,19,1,0,-1,19,0,245,-1,245,0,255,-1,254,0,253,-1,253,0,502,-1,253,502,503,-1,26,504,25,-1,25,504,505,-1,25,505,506,-1,507,502,506,-1,506,502,0,-1,506,0,25,-1,25,0,2,-1,25,2,27,-1,27,2,37,-1,21,266,22,-1,22,266,366,-1,22,366,203,-1,203,366,415,-1,203,415,201,-1,201,415,411,-1,201,411,273,-1,273,411,466,-1,273,466,186,-1,186,466,450,-1,186,450,178,-1,503,504,253,-1,253,504,26,-1,253,26,508,-1,508,26,85,-1,509,510,452,-1,511,512,513,-1,513,509,511,-1,511,509,452,-1,511,452,514,-1,514,452,515,-1,514,515,516,-1,516,515,517,-1,518,510,519,-1,519,510,520,-1,519,520,521,-1,521,520,522,-1,518,523,510,-1,510,523,524,-1,510,524,525,-1,182,179,180,-1,180,179,178,-1,180,178,517,-1,517,178,450,-1,517,450,516,-1,516,450,520,-1,526,450,527,-1,527,450,452,-1,527,452,528,-1,528,452,510,-1,528,510,529,-1,529,510,525,-1,530,531,520,-1,520,531,532,-1,520,532,522,-1,526,533,450,-1,450,533,534,-1,450,534,520,-1,520,534,535,-1,520,535,530,-1,261,251,256,-1,256,251,253,-1,256,253,263,-1,263,253,508,-1,263,508,298,-1,298,508,536,-1,91,536,537,-1,537,536,538,-1,538,536,539,-1,539,536,508,-1,539,508,540,-1,91,537,85,-1,85,537,541,-1,85,541,508,-1,508,541,542,-1,508,542,540,-1,543,544,545,-1,545,544,539,-1,545,539,546,-1,546,539,540,-1,546,540,547,-1,547,540,548,-1,440,439,463,-1,463,439,549,-1,463,549,454,-1,454,549,550,-1,454,550,452,-1,452,550,551,-1,452,551,515,-1,77,79,91,-1,91,79,552,-1,91,552,536,-1,536,552,346,-1,536,346,298,-1,298,346,348,-1,298,348,296,-1,67,69,79,-1,79,69,553,-1,79,553,552,-1,552,553,554,-1,552,554,346,-1,346,554,555,-1,346,555,345,-1,345,555,556,-1,345,556,425,-1,425,556,557,-1,425,557,432,-1,432,557,558,-1,432,558,439,-1,439,558,559,-1,439,559,549,-1,549,559,560,-1,549,560,550,-1,550,560,561,-1,550,561,551,-1,484,485,35,-1,35,485,487,-1,35,487,39,-1,39,487,562,-1,39,562,41,-1,41,562,563,-1,41,563,58,-1,58,563,564,-1,58,564,54,-1,54,564,565,-1,54,565,74,-1,74,565,566,-1,74,566,71,-1,71,566,567,-1,
        ]
    }
}
Shape{
    appearance Appearance {
        material  Material 	{
            diffuseColor 0.0 1.0 0.0
            specularColor 0.0 0.5019607843137255 0.0
            ambientIntensity 0.587
            transparency 0.0
            shininess 0.5
        }
    }
    geometry IndexedFaceSet {
        ccw TRUE
        solid FALSE
        coord DEF co Coordinate {
            point [
                -0.2756 0.5512 0.0118, -0.4725 0.5512 0.0118, -0.5906 0.5906 0.0118, -0.5512 0.4725 0.0118, -0.5906 0.2067 0.0118, -0.5512 0.2756 0.0118, -0.2067 0.2067 0.0118, -0.2756 0.2756 0.0118, -0.2067 0.5906 0.0118, 0.1378 0.5512 0.0118, 0.2067 0.5906 0.0118, 0.1378 0.2756 0.0118, 0.2067 0.2067 0.0118, -0.1378 0.2756 0.0118, -0.1378 0.5512 0.0118, 0.5512 0.5512 0.0118, 0.5709 0.5906 0.0118, 0.5512 0.2756 0.0118, 0.5709 0.2067 0.0118, 0.2756 0.2756 0.0118, 0.2756 0.5512 0.0118, -0.2756 0.1378 0.0118, -0.2756 -0.1378 0.0118, -0.2067 -0.2067 0.0118, -0.5512 -0.1378 0.0118, -0.5906 -0.2067 0.0118, -0.5512 0.1378 0.0118, 0.1378 0.1378 0.0118, 0.1378 -0.1378 0.0118, 0.2067 -0.2067 0.0118, -0.1378 -0.1378 0.0118, -0.1378 0.1378 0.0118, 0.5512 0.1378 0.0118, 0.5512 -0.1378 0.0118, 0.5709 -0.2067 0.0118, 0.2756 -0.1378 0.0118, 0.2756 0.1378 0.0118, -0.5906 -0.5905 0.0118, -0.5906 -0.5709 0.0118, -0.2067 -0.5709 0.0118, -0.2756 -0.5512 0.0118, -0.2756 -0.2756 0.0118, -0.5512 -0.2756 0.0118, -0.5512 -0.5512 0.0118, 0.1378 -0.2756 0.0118, 0.1378 -0.5512 0.0118, 0.2067 -0.5709 0.0118, -0.1378 -0.5512 0.0118, -0.1378 -0.2756 0.0118, 0.5709 -0.5709 0.0118, 0.5512 -0.5512 0.0118, 0.5512 -0.2756 0.0118, 0.2756 -0.5512 0.0118, 0.2756 -0.2756 0.0118, -0.2067 -0.5905 0.0118, 0.2067 -0.5905 0.0118, 0.5709 -0.5905 0.0118, 0.5905 0.5906 0.0118, 0.5905 0.2067 0.0118, 0.5905 -0.2067 0.0118, 0.5905 -0.5709 0.0118, 0.5905 -0.5905 0.0118, 0.5305 0.5009 0.0906, 0.5315 0.4921 0.0906, 0.5905 0.5906 0.0906, 0.5305 -0.5009 0.0906, 0.5276 -0.5092 0.0906, 0.5905 -0.5905 0.0906, -0.5305 0.5009 0.0906, -0.5276 0.5092 0.0906, -0.5906 0.5906 0.0906, 0.5229 -0.5167 0.0906, 0.5167 -0.5229 0.0906, 0.5092 -0.5276 0.0906, -0.5229 0.5167 0.0906, -0.5167 0.5229 0.0906, -0.5092 0.5276 0.0906, 0.5315 -0.4921 0.0906, -0.5906 -0.5905 0.0906, -0.5009 -0.5305 0.0906, -0.5092 -0.5276 0.0906, -0.5167 -0.5229 0.0906, -0.5229 -0.5167 0.0906, -0.5276 -0.5092 0.0906, 0.5167 0.5229 0.0906, 0.5092 0.5276 0.0906, 0.5009 0.5305 0.0906, 0.5229 0.5167 0.0906, 0.5276 0.5092 0.0906, -0.5305 -0.5009 0.0906, -0.5315 -0.4921 0.0906, -0.5315 0.4921 0.0906, 0.5009 -0.5305 0.0906, 0.4921 -0.5315 0.0906, -0.4921 -0.5315 0.0906, -0.5009 0.5305 0.0906, -0.4921 0.5315 0.0906, 0.4921 0.5315 0.0906
            ]
        }
        coordIndex [
            0,1,2,-1,2,1,3,-1,2,3,4,-1,4,3,5,-1,4,5,6,-1,6,5,7,-1,6,7,8,-1,8,7,0,-1,8,0,2,-1,9,10,11,-1,11,10,12,-1,11,12,13,-1,13,12,6,-1,13,6,14,-1,14,6,8,-1,14,8,9,-1,9,8,10,-1,15,16,17,-1,17,16,18,-1,17,18,19,-1,19,18,12,-1,19,12,20,-1,20,12,10,-1,20,10,15,-1,15,10,16,-1,21,6,22,-1,22,6,23,-1,22,23,24,-1,24,23,25,-1,24,25,26,-1,26,25,4,-1,26,4,21,-1,21,4,6,-1,27,12,28,-1,28,12,29,-1,28,29,30,-1,30,29,23,-1,30,23,31,-1,31,23,6,-1,31,6,27,-1,27,6,12,-1,32,18,33,-1,33,18,34,-1,33,34,35,-1,35,34,29,-1,35,29,36,-1,36,29,12,-1,36,12,32,-1,32,12,18,-1,37,38,39,-1,39,38,40,-1,39,40,23,-1,23,40,41,-1,23,41,25,-1,25,41,42,-1,25,42,38,-1,38,42,43,-1,38,43,40,-1,44,29,45,-1,45,29,46,-1,45,46,47,-1,47,46,39,-1,47,39,48,-1,48,39,23,-1,48,23,44,-1,44,23,29,-1,49,50,51,-1,50,49,52,-1,52,49,46,-1,52,46,53,-1,53,46,29,-1,53,29,51,-1,51,29,34,-1,51,34,49,-1,37,39,54,-1,54,39,46,-1,54,46,55,-1,55,46,49,-1,55,49,56,-1,16,57,18,-1,18,57,58,-1,18,58,34,-1,34,58,59,-1,34,59,49,-1,49,59,60,-1,49,60,56,-1,56,60,61,-1,62,63,64,-1,65,66,67,-1,68,69,70,-1,66,71,67,-1,67,71,72,-1,67,72,73,-1,69,74,70,-1,70,74,75,-1,70,75,76,-1,64,63,67,-1,67,63,77,-1,67,77,65,-1,78,79,80,-1,80,81,78,-1,78,81,82,-1,78,82,83,-1,84,64,85,-1,85,64,86,-1,84,87,64,-1,64,87,88,-1,64,88,62,-1,83,89,78,-1,78,89,90,-1,78,90,70,-1,70,90,91,-1,70,91,68,-1,73,92,67,-1,67,92,93,-1,67,93,78,-1,78,93,94,-1,78,94,79,-1,76,95,70,-1,70,95,96,-1,70,96,64,-1,64,96,97,-1,64,97,86,-1,61,60,67,-1,67,60,59,-1,67,59,64,-1,64,59,58,-1,64,58,57,-1,57,16,64,-1,64,16,10,-1,64,10,70,-1,70,10,8,-1,70,8,2,-1,38,37,78,-1,70,2,4,-1,70,4,78,-1,78,4,25,-1,78,25,38,-1,56,61,67,-1,78,37,54,-1,78,54,67,-1,67,54,55,-1,67,55,56,-1,
        ]
    }
}
Shape{
    appearance Appearance {
        material  Material 	{
            diffuseColor 0.7529411764705882 0.7529411764705882 0.7529411764705882
            specularColor 0.3764705882352941 0.3764705882352941 0.3764705882352941
            ambientIntensity 0.7529
            transparency 0.0
            shininess 0.5
        }
    }
    geometry IndexedFaceSet {
        ccw TRUE
        solid FALSE
        coord DEF co Coordinate {
            point [
                -0.5315 -0.4921 0.1299, -0.5315 -0.4921 0.0906, -0.5305 -0.5009 0.0906, -0.5305 -0.5009 0.1299, -0.5276 -0.5092 0.0906, -0.5276 -0.5092 0.1299, -0.5229 -0.5167 0.0906, -0.5229 -0.5167 0.1299, -0.5167 -0.5229 0.0906, -0.5167 -0.5229 0.1299, -0.5092 -0.5276 0.0906, -0.5092 -0.5276 0.1299, -0.5009 -0.5305 0.0906, -0.5009 -0.5305 0.1299, -0.4921 -0.5315 0.0906, -0.4921 -0.5315 0.1299, 0.4921 -0.5315 0.1299, 0.4921 -0.5315 0.0906, 0.5009 -0.5305 0.0906, 0.5009 -0.5305 0.1299, 0.5092 -0.5276 0.0906, 0.5092 -0.5276 0.1299, 0.5167 -0.5229 0.0906, 0.5167 -0.5229 0.1299, 0.5229 -0.5167 0.0906, 0.5229 -0.5167 0.1299, 0.5276 -0.5092 0.0906, 0.5276 -0.5092 0.1299, 0.5305 -0.5009 0.0906, 0.5305 -0.5009 0.1299, 0.5315 -0.4921 0.0906, 0.5315 -0.4921 0.1299, 0.5315 0.4921 0.1299, 0.5315 0.4921 0.0906, 0.5305 0.5009 0.0906, 0.5305 0.5009 0.1299, 0.5276 0.5092 0.0906, 0.5276 0.5092 0.1299, 0.5229 0.5167 0.0906, 0.5229 0.5167 0.1299, 0.5167 0.5229 0.0906, 0.5167 0.5229 0.1299, 0.5092 0.5276 0.0906, 0.5092 0.5276 0.1299, 0.5009 0.5305 0.0906, 0.5009 0.5305 0.1299, 0.4921 0.5315 0.0906, 0.4921 0.5315 0.1299, -0.4921 0.5315 0.1299, -0.4921 0.5315 0.0906, -0.5009 0.5305 0.0906, -0.5009 0.5305 0.1299, -0.5092 0.5276 0.0906, -0.5092 0.5276 0.1299, -0.5167 0.5229 0.0906, -0.5167 0.5229 0.1299, -0.5229 0.5167 0.0906, -0.5229 0.5167 0.1299, -0.5276 0.5092 0.0906, -0.5276 0.5092 0.1299, -0.5305 0.5009 0.0906, -0.5305 0.5009 0.1299, -0.5315 0.4921 0.0906, -0.5315 0.4921 0.1299, 0.4448 0.4232 0.1299, 0.4507 0.409 0.1299, 0.4527 0.3937 0.1299, 0.4527 -0.3937 0.1299, 0.3937 0.4528 0.1299, -0.3937 0.4528 0.1299, -0.409 0.4508 0.1299, -0.4232 0.4449 0.1299, 0.4354 -0.4354 0.1299, 0.409 0.4508 0.1299, 0.4232 0.4449 0.1299, 0.4354 0.4355 0.1299, 0.4507 -0.409 0.1299, 0.4448 -0.4232 0.1299, 0.4232 -0.4448 0.1299, -0.3937 -0.4527 0.1299, 0.3937 -0.4527 0.1299, 0.409 -0.4507 0.1299, -0.4355 0.4355 0.1299, -0.4355 -0.4354 0.1299, -0.4449 -0.4232 0.1299, -0.4508 -0.409 0.1299, -0.4528 -0.3937 0.1299, -0.4528 0.3937 0.1299, -0.409 -0.4507 0.1299, -0.4232 -0.4448 0.1299, -0.4508 0.409 0.1299, -0.4449 0.4232 0.1299, -0.4528 -0.3937 0.2677, -0.4528 0.3937 0.2677, 0.3937 -0.4527 0.2677, -0.3937 -0.4527 0.2677, 0.4527 0.3937 0.2677, 0.4527 -0.3937 0.2677, 0.3937 0.4528 0.2677, -0.3937 0.4528 0.2677, 0.409 -0.4507 0.2677, 0.4232 -0.4448 0.2677, 0.4354 -0.4354 0.2677, 0.4448 -0.4232 0.2677, 0.4507 -0.409 0.2677, 0.3937 -0.3937 0.3268, -0.3937 -0.3937 0.3268, -0.3937 -0.409 0.3248, 0.3937 -0.409 0.3248, -0.3937 -0.4232 0.3189, 0.3937 -0.4232 0.3189, -0.3937 -0.4354 0.3095, 0.3937 -0.4354 0.3095, -0.3937 -0.4448 0.2972, 0.3937 -0.4448 0.2972, -0.3937 -0.4507 0.283, 0.3937 -0.4507 0.283, -0.4508 -0.409 0.2677, -0.4449 -0.4232 0.2677, -0.4355 -0.4354 0.2677, -0.4232 -0.4448 0.2677, -0.409 -0.4507 0.2677, 0.4507 -0.3937 0.283, 0.4488 -0.4085 0.283, 0.4193 -0.4085 0.3189, 0.4069 -0.4013 0.3248, 0.4045 -0.4045 0.3248, 0.3976 -0.4085 0.3248, 0.4085 -0.3976 0.3248, 0.4222 -0.4013 0.3189, 0.434 -0.4045 0.3095, 0.409 -0.3937 0.3248, 0.4146 -0.4146 0.3189, 0.4013 -0.4069 0.3248, 0.4085 -0.4193 0.3189, 0.4013 -0.4222 0.3189, 0.4232 -0.3937 0.3189, 0.4354 -0.3937 0.3095, 0.4448 -0.3937 0.2972, 0.4299 -0.4146 0.3095, 0.4232 -0.4232 0.3095, 0.4146 -0.4299 0.3095, 0.4045 -0.434 0.3095, 0.4431 -0.4069 0.2972, 0.438 -0.4193 0.2972, 0.4299 -0.4299 0.2972, 0.4193 -0.438 0.2972, 0.4069 -0.4431 0.2972, 0.4431 -0.4222 0.283, 0.434 -0.434 0.283, 0.4222 -0.4431 0.283, 0.4085 -0.4488 0.283, -0.4085 -0.4488 0.283, -0.4085 -0.4193 0.3189, -0.4014 -0.4069 0.3248, -0.4045 -0.4045 0.3248, -0.409 -0.3937 0.3248, -0.4085 -0.3976 0.3248, -0.3977 -0.4085 0.3248, -0.4014 -0.4222 0.3189, -0.4045 -0.434 0.3095, -0.4146 -0.4146 0.3189, -0.4069 -0.4013 0.3248, -0.4193 -0.4085 0.3189, -0.4222 -0.4013 0.3189, -0.4232 -0.3937 0.3189, -0.4146 -0.4299 0.3095, -0.4232 -0.4232 0.3095, -0.4299 -0.4146 0.3095, -0.434 -0.4045 0.3095, -0.4355 -0.3937 0.3095, -0.4069 -0.4431 0.2972, -0.4193 -0.438 0.2972, -0.4299 -0.4299 0.2972, -0.438 -0.4193 0.2972, -0.4431 -0.4069 0.2972, -0.4449 -0.3937 0.2972, -0.4222 -0.4431 0.283, -0.434 -0.434 0.283, -0.4431 -0.4222 0.283, -0.4488 -0.4085 0.283, -0.4508 -0.3937 0.283, 0.4507 0.409 0.2677, 0.4448 0.4232 0.2677, 0.4354 0.4355 0.2677, 0.4232 0.4449 0.2677, 0.409 0.4508 0.2677, 0.3937 0.3937 0.3268, 0.409 0.3937 0.3248, 0.4232 0.3937 0.3189, 0.4354 0.3937 0.3095, 0.4448 0.3937 0.2972, 0.4507 0.3937 0.283, -0.3937 0.3937 0.3268, -0.409 0.3937 0.3248, -0.4232 0.3937 0.3189, -0.4355 0.3937 0.3095, -0.4449 0.3937 0.2972, -0.4508 0.3937 0.283, -0.409 0.4508 0.2677, -0.4232 0.4449 0.2677, -0.4355 0.4355 0.2677, -0.4449 0.4232 0.2677, -0.4508 0.409 0.2677, 0.3937 0.4508 0.283, 0.4085 0.4488 0.283, 0.4085 0.4193 0.3189, 0.4013 0.4069 0.3248, 0.4045 0.4045 0.3248, 0.4085 0.3977 0.3248, 0.3976 0.4085 0.3248, 0.4013 0.4222 0.3189, 0.4045 0.434 0.3095, 0.3937 0.409 0.3248, 0.4146 0.4146 0.3189, 0.4069 0.4014 0.3248, 0.4193 0.4085 0.3189, 0.4222 0.4014 0.3189, 0.3937 0.4232 0.3189, 0.3937 0.4355 0.3095, 0.3937 0.4449 0.2972, 0.4146 0.4299 0.3095, 0.4232 0.4232 0.3095, 0.4299 0.4146 0.3095, 0.434 0.4045 0.3095, 0.4069 0.4431 0.2972, 0.4193 0.438 0.2972, 0.4299 0.4299 0.2972, 0.438 0.4193 0.2972, 0.4431 0.4069 0.2972, 0.4222 0.4431 0.283, 0.434 0.434 0.283, 0.4431 0.4222 0.283, 0.4488 0.4085 0.283, -0.4488 0.4085 0.283, -0.4193 0.4085 0.3189, -0.4069 0.4014 0.3248, -0.4045 0.4045 0.3248, -0.3937 0.409 0.3248, -0.3977 0.4085 0.3248, -0.4085 0.3977 0.3248, -0.4222 0.4014 0.3189, -0.434 0.4045 0.3095, -0.4146 0.4146 0.3189, -0.4014 0.4069 0.3248, -0.4085 0.4193 0.3189, -0.4014 0.4222 0.3189, -0.3937 0.4232 0.3189, -0.4299 0.4146 0.3095, -0.4232 0.4232 0.3095, -0.4146 0.4299 0.3095, -0.4045 0.434 0.3095, -0.3937 0.4355 0.3095, -0.4431 0.4069 0.2972, -0.438 0.4193 0.2972, -0.4299 0.4299 0.2972, -0.4193 0.438 0.2972, -0.4069 0.4431 0.2972, -0.3937 0.4449 0.2972, -0.4431 0.4222 0.283, -0.434 0.434 0.283, -0.4222 0.4431 0.283, -0.4085 0.4488 0.283, -0.3937 0.4508 0.283, -0.2756 0.2756 0.0, -0.2756 0.5512 0.0, -0.2756 0.2756 0.0118, -0.2756 0.5512 0.0118, -0.5512 0.2756 0.0, -0.5512 0.2756 0.0118, -0.5512 0.4725 0.0, -0.5512 0.4725 0.0118, -0.4725 0.5512 0.0, -0.4725 0.5512 0.0118, 0.1378 0.5512 0.0, -0.1378 0.5512 0.0, 0.1378 0.5512 0.0118, -0.1378 0.5512 0.0118, 0.1378 0.2756 0.0, 0.1378 0.2756 0.0118, -0.1378 0.2756 0.0, -0.1378 0.2756 0.0118, 0.5512 0.5512 0.0, 0.2756 0.5512 0.0, 0.5512 0.5512 0.0118, 0.2756 0.5512 0.0118, 0.5512 0.2756 0.0, 0.5512 0.2756 0.0118, 0.2756 0.2756 0.0, 0.2756 0.2756 0.0118, 0.1378 0.1378 0.0, -0.1378 0.1378 0.0, 0.1378 0.1378 0.0118, -0.1378 0.1378 0.0118, 0.1378 -0.1378 0.0, 0.1378 -0.1378 0.0118, -0.1378 -0.1378 0.0, -0.1378 -0.1378 0.0118, 0.5512 0.1378 0.0, 0.2756 0.1378 0.0, 0.5512 0.1378 0.0118, 0.2756 0.1378 0.0118, 0.5512 -0.1378 0.0, 0.5512 -0.1378 0.0118, 0.2756 -0.1378 0.0, 0.2756 -0.1378 0.0118, 0.1378 -0.2756 0.0, -0.1378 -0.2756 0.0, 0.1378 -0.2756 0.0118, -0.1378 -0.2756 0.0118, 0.1378 -0.5512 0.0, 0.1378 -0.5512 0.0118, -0.1378 -0.5512 0.0, -0.1378 -0.5512 0.0118, 0.5512 -0.2756 0.0, 0.2756 -0.2756 0.0, 0.5512 -0.2756 0.0118, 0.2756 -0.2756 0.0118, 0.5512 -0.5512 0.0, 0.5512 -0.5512 0.0118, 0.2756 -0.5512 0.0, 0.2756 -0.5512 0.0118, -0.2756 0.1378 0.0, -0.5512 0.1378 0.0, -0.2756 0.1378 0.0118, -0.5512 0.1378 0.0118, -0.2756 -0.1378 0.0, -0.2756 -0.1378 0.0118, -0.5512 -0.1378 0.0, -0.5512 -0.1378 0.0118, -0.2756 -0.2756 0.0, -0.5512 -0.2756 0.0, -0.2756 -0.2756 0.0118, -0.5512 -0.2756 0.0118, -0.2756 -0.5512 0.0, -0.2756 -0.5512 0.0118, -0.5512 -0.5512 0.0, -0.5512 -0.5512 0.0118
            ]
        }
        coordIndex [
            0,1,2,-1,0,2,3,-1,3,2,4,-1,3,4,5,-1,5,4,6,-1,5,6,7,-1,7,6,8,-1,7,8,9,-1,9,8,10,-1,9,10,11,-1,11,10,12,-1,11,12,13,-1,13,12,14,-1,13,14,15,-1,16,15,17,-1,17,15,14,-1,16,17,18,-1,16,18,19,-1,19,18,20,-1,19,20,21,-1,21,20,22,-1,21,22,23,-1,23,22,24,-1,23,24,25,-1,25,24,26,-1,25,26,27,-1,27,26,28,-1,27,28,29,-1,29,28,30,-1,29,30,31,-1,32,31,33,-1,33,31,30,-1,32,33,34,-1,32,34,35,-1,35,34,36,-1,35,36,37,-1,37,36,38,-1,37,38,39,-1,39,38,40,-1,39,40,41,-1,41,40,42,-1,41,42,43,-1,43,42,44,-1,43,44,45,-1,45,44,46,-1,45,46,47,-1,48,47,49,-1,49,47,46,-1,48,49,50,-1,48,50,51,-1,51,50,52,-1,51,52,53,-1,53,52,54,-1,53,54,55,-1,55,54,56,-1,55,56,57,-1,57,56,58,-1,57,58,59,-1,59,58,60,-1,59,60,61,-1,61,60,62,-1,61,62,63,-1,0,63,1,-1,1,63,62,-1,64,65,32,-1,32,65,66,-1,32,66,31,-1,31,66,67,-1,68,47,69,-1,69,47,48,-1,69,48,70,-1,70,48,71,-1,25,72,23,-1,23,72,21,-1,68,73,47,-1,47,73,74,-1,47,74,45,-1,45,74,75,-1,45,75,43,-1,37,39,75,-1,75,39,41,-1,75,41,43,-1,67,76,31,-1,31,76,77,-1,31,77,29,-1,29,77,72,-1,29,72,27,-1,27,72,25,-1,78,16,72,-1,72,16,19,-1,72,19,21,-1,79,15,80,-1,80,15,16,-1,80,16,81,-1,81,16,78,-1,53,55,82,-1,82,55,57,-1,71,48,82,-1,82,48,51,-1,82,51,53,-1,64,32,75,-1,75,32,35,-1,75,35,37,-1,5,7,83,-1,83,7,9,-1,84,85,0,-1,0,85,86,-1,0,86,63,-1,63,86,87,-1,79,88,15,-1,15,88,89,-1,15,89,13,-1,13,89,83,-1,13,83,11,-1,11,83,9,-1,87,90,63,-1,63,90,91,-1,63,91,61,-1,61,91,82,-1,61,82,59,-1,59,82,57,-1,84,0,83,-1,83,0,3,-1,83,3,5,-1,92,93,86,-1,86,93,87,-1,94,95,80,-1,80,95,79,-1,96,97,66,-1,66,97,67,-1,68,69,98,-1,98,69,99,-1,94,80,81,-1,94,81,100,-1,100,81,78,-1,100,78,101,-1,101,78,72,-1,101,72,102,-1,102,72,77,-1,102,77,103,-1,103,77,76,-1,103,76,104,-1,104,76,67,-1,104,67,97,-1,105,106,107,-1,105,107,108,-1,108,107,109,-1,108,109,110,-1,110,109,111,-1,110,111,112,-1,112,111,113,-1,112,113,114,-1,114,113,115,-1,114,115,116,-1,116,115,95,-1,116,95,94,-1,92,86,85,-1,92,85,117,-1,117,85,84,-1,117,84,118,-1,118,84,83,-1,118,83,119,-1,119,83,89,-1,119,89,120,-1,120,89,88,-1,120,88,121,-1,121,88,79,-1,121,79,95,-1,97,122,123,-1,124,125,126,-1,105,108,127,-1,126,125,105,-1,128,105,125,-1,128,125,129,-1,129,125,124,-1,129,124,130,-1,131,105,128,-1,132,133,134,-1,134,133,127,-1,134,127,135,-1,135,127,108,-1,135,108,110,-1,131,128,136,-1,136,128,129,-1,136,129,137,-1,137,129,130,-1,137,130,138,-1,139,132,140,-1,140,132,134,-1,140,134,141,-1,141,134,135,-1,141,135,142,-1,142,135,110,-1,142,110,112,-1,143,139,144,-1,144,139,140,-1,144,140,145,-1,145,140,141,-1,145,141,146,-1,146,141,142,-1,146,142,147,-1,147,142,112,-1,147,112,114,-1,122,143,123,-1,123,143,144,-1,123,144,148,-1,148,144,145,-1,148,145,149,-1,149,145,146,-1,149,146,150,-1,150,146,147,-1,150,147,151,-1,151,147,114,-1,151,114,116,-1,97,123,104,-1,104,123,148,-1,104,148,103,-1,103,148,149,-1,103,149,102,-1,102,149,150,-1,102,150,101,-1,101,150,151,-1,101,151,100,-1,100,151,116,-1,100,116,94,-1,133,105,127,-1,122,138,143,-1,143,138,130,-1,143,130,139,-1,139,130,124,-1,139,124,132,-1,132,124,126,-1,132,126,133,-1,133,126,105,-1,95,115,152,-1,153,154,155,-1,106,156,157,-1,155,154,106,-1,158,106,154,-1,158,154,159,-1,159,154,153,-1,159,153,160,-1,107,106,158,-1,161,162,163,-1,163,162,157,-1,163,157,164,-1,164,157,156,-1,164,156,165,-1,107,158,109,-1,109,158,159,-1,109,159,111,-1,111,159,160,-1,111,160,113,-1,166,161,167,-1,167,161,163,-1,167,163,168,-1,168,163,164,-1,168,164,169,-1,169,164,165,-1,169,165,170,-1,171,166,172,-1,172,166,167,-1,172,167,173,-1,173,167,168,-1,173,168,174,-1,174,168,169,-1,174,169,175,-1,175,169,170,-1,175,170,176,-1,115,171,152,-1,152,171,172,-1,152,172,177,-1,177,172,173,-1,177,173,178,-1,178,173,174,-1,178,174,179,-1,179,174,175,-1,179,175,180,-1,180,175,176,-1,180,176,181,-1,95,152,121,-1,121,152,177,-1,121,177,120,-1,120,177,178,-1,120,178,119,-1,119,178,179,-1,119,179,118,-1,118,179,180,-1,118,180,117,-1,117,180,181,-1,117,181,92,-1,162,106,157,-1,115,113,171,-1,171,113,160,-1,171,160,166,-1,166,160,153,-1,166,153,161,-1,161,153,155,-1,161,155,162,-1,162,155,106,-1,96,66,65,-1,96,65,182,-1,182,65,64,-1,182,64,183,-1,183,64,75,-1,183,75,184,-1,184,75,74,-1,184,74,185,-1,185,74,73,-1,185,73,186,-1,186,73,68,-1,186,68,98,-1,187,105,131,-1,187,131,188,-1,188,131,136,-1,188,136,189,-1,189,136,137,-1,189,137,190,-1,190,137,138,-1,190,138,191,-1,191,138,122,-1,191,122,192,-1,192,122,97,-1,192,97,96,-1,106,193,194,-1,106,194,156,-1,156,194,195,-1,156,195,165,-1,165,195,196,-1,165,196,170,-1,170,196,197,-1,170,197,176,-1,176,197,198,-1,176,198,181,-1,181,198,93,-1,181,93,92,-1,99,69,70,-1,99,70,199,-1,199,70,71,-1,199,71,200,-1,200,71,82,-1,200,82,201,-1,201,82,91,-1,201,91,202,-1,202,91,90,-1,202,90,203,-1,203,90,87,-1,203,87,93,-1,98,204,205,-1,206,207,208,-1,187,188,209,-1,208,207,187,-1,210,187,207,-1,210,207,211,-1,211,207,206,-1,211,206,212,-1,213,187,210,-1,214,215,216,-1,216,215,209,-1,216,209,217,-1,217,209,188,-1,217,188,189,-1,213,210,218,-1,218,210,211,-1,218,211,219,-1,219,211,212,-1,219,212,220,-1,221,214,222,-1,222,214,216,-1,222,216,223,-1,223,216,217,-1,223,217,224,-1,224,217,189,-1,224,189,190,-1,225,221,226,-1,226,221,222,-1,226,222,227,-1,227,222,223,-1,227,223,228,-1,228,223,224,-1,228,224,229,-1,229,224,190,-1,229,190,191,-1,204,225,205,-1,205,225,226,-1,205,226,230,-1,230,226,227,-1,230,227,231,-1,231,227,228,-1,231,228,232,-1,232,228,229,-1,232,229,233,-1,233,229,191,-1,233,191,192,-1,98,205,186,-1,186,205,230,-1,186,230,185,-1,185,230,231,-1,185,231,184,-1,184,231,232,-1,184,232,183,-1,183,232,233,-1,183,233,182,-1,182,233,192,-1,182,192,96,-1,215,187,209,-1,204,220,225,-1,225,220,212,-1,225,212,221,-1,221,212,206,-1,221,206,214,-1,214,206,208,-1,214,208,215,-1,215,208,187,-1,93,198,234,-1,235,236,237,-1,193,238,239,-1,237,236,193,-1,240,193,236,-1,240,236,241,-1,241,236,235,-1,241,235,242,-1,194,193,240,-1,243,244,245,-1,245,244,239,-1,245,239,246,-1,246,239,238,-1,246,238,247,-1,194,240,195,-1,195,240,241,-1,195,241,196,-1,196,241,242,-1,196,242,197,-1,248,243,249,-1,249,243,245,-1,249,245,250,-1,250,245,246,-1,250,246,251,-1,251,246,247,-1,251,247,252,-1,253,248,254,-1,254,248,249,-1,254,249,255,-1,255,249,250,-1,255,250,256,-1,256,250,251,-1,256,251,257,-1,257,251,252,-1,257,252,258,-1,198,253,234,-1,234,253,254,-1,234,254,259,-1,259,254,255,-1,259,255,260,-1,260,255,256,-1,260,256,261,-1,261,256,257,-1,261,257,262,-1,262,257,258,-1,262,258,263,-1,93,234,203,-1,203,234,259,-1,203,259,202,-1,202,259,260,-1,202,260,201,-1,201,260,261,-1,201,261,200,-1,200,261,262,-1,200,262,199,-1,199,262,263,-1,199,263,99,-1,244,193,239,-1,198,197,253,-1,253,197,242,-1,253,242,248,-1,248,242,235,-1,248,235,243,-1,243,235,237,-1,243,237,244,-1,244,237,193,-1,193,187,213,-1,193,213,238,-1,238,213,218,-1,238,218,247,-1,247,218,219,-1,247,219,252,-1,252,219,220,-1,252,220,258,-1,258,220,204,-1,258,204,263,-1,263,204,98,-1,263,98,99,-1,264,265,266,-1,266,265,267,-1,268,264,269,-1,269,264,266,-1,270,268,271,-1,271,268,269,-1,272,270,273,-1,273,270,271,-1,265,272,267,-1,267,272,273,-1,268,270,264,-1,264,270,272,-1,264,272,265,-1,274,275,276,-1,276,275,277,-1,278,274,279,-1,279,274,276,-1,280,278,281,-1,281,278,279,-1,275,280,277,-1,277,280,281,-1,278,280,274,-1,274,280,275,-1,282,283,284,-1,284,283,285,-1,286,282,287,-1,287,282,284,-1,288,286,289,-1,289,286,287,-1,283,288,285,-1,285,288,289,-1,286,288,282,-1,282,288,283,-1,290,291,292,-1,292,291,293,-1,294,290,295,-1,295,290,292,-1,296,294,297,-1,297,294,295,-1,291,296,293,-1,293,296,297,-1,294,296,290,-1,290,296,291,-1,298,299,300,-1,300,299,301,-1,302,298,303,-1,303,298,300,-1,304,302,305,-1,305,302,303,-1,299,304,301,-1,301,304,305,-1,302,304,298,-1,298,304,299,-1,306,307,308,-1,308,307,309,-1,310,306,311,-1,311,306,308,-1,312,310,313,-1,313,310,311,-1,307,312,309,-1,309,312,313,-1,310,312,306,-1,306,312,307,-1,314,315,316,-1,316,315,317,-1,318,314,319,-1,319,314,316,-1,320,318,321,-1,321,318,319,-1,315,320,317,-1,317,320,321,-1,318,320,314,-1,314,320,315,-1,322,323,324,-1,324,323,325,-1,326,322,327,-1,327,322,324,-1,328,326,329,-1,329,326,327,-1,323,328,325,-1,325,328,329,-1,326,328,322,-1,322,328,323,-1,330,331,332,-1,332,331,333,-1,334,330,335,-1,335,330,332,-1,336,334,337,-1,337,334,335,-1,331,336,333,-1,333,336,337,-1,334,336,330,-1,330,336,331,-1,
        ]
    }
}
Shape{
    appearance Appearance {
        material  Material 	{
            diffuseColor 0.5019607843137255 0.5019607843137255 0.5019607843137255
            specularColor 0.25098039215686274 0.25098039215686274 0.25098039215686274
            ambientIntensity 0.502
            transparency 0.0
            shininess 0.5
        }
    }
    geometry IndexedFaceSet {
        ccw TRUE
        solid FALSE
        coord DEF co Coordinate {
            point [
                -0.2165 0.2756 0.3264, -0.2165 0.2756 0.3268, -0.2186 0.2909 0.3264, -0.2186 0.2909 0.3268, -0.2245 0.3051 0.3264, -0.2245 0.3051 0.3268, -0.2338 0.3174 0.3264, -0.2338 0.3174 0.3268, -0.2461 0.3267 0.3264, -0.2461 0.3267 0.3268, -0.2603 0.3326 0.3264, -0.2603 0.3326 0.3268, -0.2756 0.3347 0.3264, -0.2756 0.3347 0.3268, -0.2909 0.3326 0.3264, -0.2909 0.3326 0.3268, -0.3051 0.3267 0.3264, -0.3051 0.3267 0.3268, -0.3174 0.3174 0.3264, -0.3174 0.3174 0.3268, -0.3267 0.3051 0.3264, -0.3267 0.3051 0.3268, -0.3326 0.2909 0.3264, -0.3326 0.2909 0.3268, -0.3347 0.2756 0.3264, -0.3347 0.2756 0.3268, -0.3326 0.2603 0.3264, -0.3326 0.2603 0.3268, -0.3267 0.2461 0.3264, -0.3267 0.2461 0.3268, -0.3174 0.2338 0.3264, -0.3174 0.2338 0.3268, -0.3051 0.2245 0.3264, -0.3051 0.2245 0.3268, -0.2909 0.2186 0.3264, -0.2909 0.2186 0.3268, -0.2756 0.2165 0.3264, -0.2756 0.2165 0.3268, -0.2603 0.2186 0.3264, -0.2603 0.2186 0.3268, -0.2461 0.2245 0.3264, -0.2461 0.2245 0.3268, -0.2338 0.2338 0.3264, -0.2338 0.2338 0.3268, -0.2245 0.2461 0.3264, -0.2245 0.2461 0.3268, -0.2186 0.2603 0.3264, -0.2186 0.2603 0.3268, -0.2756 0.2756 0.3264
            ]
        }
        coordIndex [
            0,1,2,-1,2,1,3,-1,2,3,4,-1,4,3,5,-1,4,5,6,-1,6,5,7,-1,6,7,8,-1,8,7,9,-1,8,9,10,-1,10,9,11,-1,10,11,12,-1,12,11,13,-1,12,13,14,-1,14,13,15,-1,14,15,16,-1,16,15,17,-1,16,17,18,-1,18,17,19,-1,18,19,20,-1,20,19,21,-1,20,21,22,-1,22,21,23,-1,22,23,24,-1,24,23,25,-1,24,25,26,-1,26,25,27,-1,26,27,28,-1,28,27,29,-1,28,29,30,-1,30,29,31,-1,30,31,32,-1,32,31,33,-1,32,33,34,-1,34,33,35,-1,34,35,36,-1,36,35,37,-1,36,37,38,-1,38,37,39,-1,38,39,40,-1,40,39,41,-1,40,41,42,-1,42,41,43,-1,42,43,44,-1,44,43,45,-1,44,45,46,-1,46,45,47,-1,46,47,0,-1,0,47,1,-1,44,46,48,-1,48,46,0,-1,48,0,2,-1,38,40,48,-1,48,40,42,-1,48,42,44,-1,32,34,48,-1,48,34,36,-1,48,36,38,-1,26,28,48,-1,48,28,30,-1,48,30,32,-1,20,22,48,-1,48,22,24,-1,48,24,26,-1,14,16,48,-1,48,16,18,-1,48,18,20,-1,8,10,48,-1,48,10,12,-1,48,12,14,-1,2,4,48,-1,48,4,6,-1,48,6,8,-1,
        ]
    }
}
Shape{
    appearance Appearance {
        material  Material 	{
            diffuseColor 0.25098039215686274 0.25098039215686274 0.25098039215686274
            specularColor 0.12549019607843137 0.12549019607843137 0.12549019607843137
            ambientIntensity 0.251
            transparency 0.0
            shininess 0.5
        }
    }
    geometry IndexedFaceSet {
        ccw TRUE
        solid FALSE
        coord DEF co Coordinate {
            point [
                0.1923 -0.2236 0.3307, 0.1923 -0.2267 0.3307, 0.1923 -0.2236 0.3268, 0.1923 -0.2267 0.3268, 0.1817 -0.2236 0.3307, 0.1817 -0.2236 0.3268, 0.1817 -0.2 0.3307, 0.1817 -0.2 0.3268, 0.1783 -0.2 0.3307, 0.1783 -0.2 0.3268, 0.1783 -0.2267 0.3307, 0.1783 -0.2267 0.3268, 0.206 -0.2271 0.3268, 0.2084 -0.2269 0.3268, 0.206 -0.2271 0.3307, 0.2101 -0.2267 0.3307, 0.2101 -0.2267 0.3268, 0.213 -0.2258 0.3268, 0.213 -0.2258 0.3307, 0.2134 -0.2255 0.3268, 0.2134 -0.2255 0.3307, 0.2134 -0.2222 0.3307, 0.2134 -0.2222 0.3268, 0.2108 -0.2234 0.3268, 0.2108 -0.2234 0.3307, 0.2078 -0.224 0.3268, 0.2078 -0.224 0.3307, 0.2065 -0.224 0.3268, 0.2065 -0.224 0.3307, 0.2041 -0.2238 0.3268, 0.2041 -0.2238 0.3307, 0.2022 -0.2231 0.3268, 0.2022 -0.2231 0.3307, 0.2004 -0.2219 0.3268, 0.2004 -0.2219 0.3307, 0.1997 -0.2212 0.3268, 0.1997 -0.2212 0.3307, 0.1984 -0.2195 0.3268, 0.1984 -0.2195 0.3307, 0.1975 -0.2174 0.3268, 0.1975 -0.2174 0.3307, 0.1971 -0.2147 0.3268, 0.1971 -0.2147 0.3307, 0.1971 -0.2136 0.3268, 0.1971 -0.2136 0.3307, 0.1975 -0.21 0.3268, 0.1975 -0.21 0.3307, 0.1984 -0.2076 0.3268, 0.1984 -0.2076 0.3307, 0.1997 -0.2058 0.3268, 0.1997 -0.2058 0.3307, 0.1999 -0.2056 0.3268, 0.1999 -0.2056 0.3307, 0.2016 -0.2042 0.3268, 0.2016 -0.2042 0.3307, 0.2036 -0.2032 0.3268, 0.2036 -0.2032 0.3307, 0.2059 -0.2027 0.3268, 0.2059 -0.2027 0.3307, 0.2071 -0.2026 0.3268, 0.2071 -0.2026 0.3307, 0.2104 -0.203 0.3268, 0.2104 -0.203 0.3307, 0.2131 -0.204 0.3268, 0.2131 -0.204 0.3307, 0.2134 -0.2042 0.3268, 0.2134 -0.2042 0.3307, 0.2134 -0.2006 0.3307, 0.2134 -0.2006 0.3268, 0.2071 -0.1995 0.3268, 0.2071 -0.1995 0.3307, 0.21 -0.1997 0.3268, 0.2106 -0.1998 0.3307, 0.2106 -0.1998 0.3268, 0.2052 -0.1997 0.3268, 0.2032 -0.2 0.3307, 0.2032 -0.2 0.3268, 0.2005 -0.2011 0.3268, 0.2005 -0.2011 0.3307, 0.198 -0.2028 0.3268, 0.198 -0.2028 0.3307, 0.1973 -0.2034 0.3268, 0.1973 -0.2034 0.3307, 0.1954 -0.206 0.3268, 0.1954 -0.206 0.3307, 0.1946 -0.2077 0.3268, 0.1941 -0.2089 0.3307, 0.1941 -0.2089 0.3268, 0.1935 -0.2124 0.3268, 0.1935 -0.2124 0.3307, 0.1934 -0.2138 0.3268, 0.1934 -0.2138 0.3307, 0.194 -0.2181 0.3268, 0.194 -0.2181 0.3307, 0.1946 -0.2199 0.3268, 0.195 -0.2209 0.3307, 0.195 -0.2209 0.3268, 0.1966 -0.2232 0.3268, 0.1966 -0.2232 0.3307, 0.1969 -0.2235 0.3268, 0.1969 -0.2235 0.3307, 0.204 -0.227 0.3307, 0.1987 -0.225 0.3268, 0.1987 -0.225 0.3307, 0.2012 -0.2263 0.3268, 0.2012 -0.2263 0.3307, 0.2036 -0.2269 0.3268, 0.204 -0.227 0.3268, 0.2331 -0.2236 0.3307, 0.2331 -0.2267 0.3307, 0.2331 -0.2236 0.3268, 0.2331 -0.2267 0.3268, 0.2222 -0.2236 0.3268, 0.2222 -0.2236 0.3307, 0.2294 -0.2236 0.3268, 0.2222 -0.2146 0.3307, 0.2222 -0.2146 0.3268, 0.2318 -0.2146 0.3307, 0.2294 -0.2146 0.3268, 0.2318 -0.2146 0.3268, 0.2318 -0.2116 0.3307, 0.2318 -0.2116 0.3268, 0.2222 -0.2116 0.3268, 0.2222 -0.2116 0.3307, 0.2294 -0.2116 0.3268, 0.2222 -0.203 0.3307, 0.2222 -0.203 0.3268, 0.2325 -0.203 0.3307, 0.2294 -0.203 0.3268, 0.2325 -0.203 0.3268, 0.2325 -0.2 0.3307, 0.2325 -0.2 0.3268, 0.2188 -0.2 0.3268, 0.2188 -0.2 0.3307, 0.2294 -0.2 0.3268, 0.2188 -0.2267 0.3307, 0.2188 -0.2267 0.3268, 0.2294 -0.2267 0.3268, 0.2547 -0.2192 0.3307, 0.2534 -0.2208 0.3307, 0.2559 -0.2229 0.3307, 0.2531 -0.2211 0.3307, 0.2531 -0.2249 0.3307, 0.2514 -0.2223 0.3307, 0.25 -0.2261 0.3307, 0.2492 -0.2232 0.3307, 0.2455 -0.2267 0.3307, 0.2455 -0.2236 0.3307, 0.2382 -0.2267 0.3307, 0.2416 -0.2236 0.3307, 0.2382 -0.2 0.3307, 0.2416 -0.203 0.3307, 0.2458 -0.2 0.3307, 0.2456 -0.203 0.3307, 0.2498 -0.2004 0.3307, 0.2492 -0.2035 0.3307, 0.2531 -0.2016 0.3307, 0.2515 -0.2043 0.3307, 0.2559 -0.2035 0.3307, 0.2533 -0.2055 0.3307, 0.2568 -0.2044 0.3307, 0.2541 -0.2063 0.3307, 0.2585 -0.2068 0.3307, 0.2551 -0.2078 0.3307, 0.2594 -0.2093 0.3307, 0.2559 -0.2097 0.3307, 0.2599 -0.213 0.3307, 0.2563 -0.2131 0.3307, 0.2598 -0.2147 0.3307, 0.2562 -0.2148 0.3307, 0.2592 -0.2178 0.3307, 0.2556 -0.2172 0.3307, 0.2578 -0.2206 0.3307, 0.2455 -0.2267 0.3268, 0.2382 -0.2267 0.3268, 0.2559 -0.2229 0.3268, 0.25 -0.2261 0.3268, 0.2504 -0.226 0.3268, 0.2531 -0.2249 0.3268, 0.2578 -0.2206 0.3268, 0.2592 -0.2178 0.3268, 0.2598 -0.2147 0.3268, 0.2599 -0.213 0.3268, 0.2594 -0.2093 0.3268, 0.2585 -0.2068 0.3268, 0.2568 -0.2044 0.3268, 0.2559 -0.2035 0.3268, 0.2458 -0.2 0.3268, 0.2531 -0.2016 0.3268, 0.2504 -0.2006 0.3268, 0.2498 -0.2004 0.3268, 0.2382 -0.2 0.3268, 0.2456 -0.203 0.3268, 0.2416 -0.203 0.3268, 0.2416 -0.2236 0.3268, 0.2455 -0.2236 0.3268, 0.2534 -0.2208 0.3268, 0.2531 -0.2211 0.3268, 0.2514 -0.2223 0.3268, 0.2492 -0.2232 0.3268, 0.2563 -0.2131 0.3268, 0.2562 -0.2148 0.3268, 0.2556 -0.2172 0.3268, 0.2547 -0.2192 0.3268, 0.2533 -0.2055 0.3268, 0.2541 -0.2063 0.3268, 0.2551 -0.2078 0.3268, 0.2559 -0.2097 0.3268, 0.2492 -0.2035 0.3268, 0.2515 -0.2043 0.3268
            ]
        }
        coordIndex [
            0,1,2,-1,2,1,3,-1,4,0,5,-1,5,0,2,-1,6,4,7,-1,7,4,5,-1,8,6,9,-1,9,6,7,-1,10,8,11,-1,11,8,9,-1,1,10,3,-1,3,10,11,-1,6,8,4,-1,4,8,10,-1,4,10,0,-1,0,10,1,-1,12,13,14,-1,14,13,15,-1,13,16,15,-1,15,16,17,-1,15,17,18,-1,18,17,19,-1,18,19,20,-1,21,20,22,-1,22,20,19,-1,21,22,23,-1,21,23,24,-1,24,23,25,-1,24,25,26,-1,26,25,27,-1,26,27,28,-1,28,27,29,-1,28,29,30,-1,30,29,31,-1,30,31,32,-1,32,31,33,-1,32,33,34,-1,34,33,35,-1,34,35,36,-1,36,35,37,-1,36,37,38,-1,38,37,39,-1,38,39,40,-1,40,39,41,-1,40,41,42,-1,42,41,43,-1,42,43,44,-1,44,43,45,-1,44,45,46,-1,46,45,47,-1,46,47,48,-1,48,47,49,-1,48,49,50,-1,50,49,51,-1,50,51,52,-1,52,51,53,-1,52,53,54,-1,54,53,55,-1,54,55,56,-1,56,55,57,-1,56,57,58,-1,58,57,59,-1,58,59,60,-1,60,59,61,-1,60,61,62,-1,62,61,63,-1,62,63,64,-1,64,63,65,-1,64,65,66,-1,67,66,68,-1,68,66,65,-1,69,70,71,-1,71,70,72,-1,71,72,73,-1,73,72,67,-1,73,67,68,-1,70,69,74,-1,70,74,75,-1,74,76,75,-1,75,76,77,-1,75,77,78,-1,78,77,79,-1,78,79,80,-1,80,79,81,-1,80,81,82,-1,82,81,83,-1,82,83,84,-1,84,83,85,-1,84,85,86,-1,85,87,86,-1,86,87,88,-1,86,88,89,-1,89,88,90,-1,89,90,91,-1,91,90,92,-1,91,92,93,-1,93,92,94,-1,93,94,95,-1,94,96,95,-1,95,96,97,-1,95,97,98,-1,98,97,99,-1,98,99,100,-1,12,14,101,-1,100,99,102,-1,100,102,103,-1,103,102,104,-1,103,104,105,-1,105,104,106,-1,105,106,101,-1,101,106,107,-1,101,107,12,-1,82,52,80,-1,80,52,54,-1,80,54,78,-1,91,44,89,-1,89,44,46,-1,89,46,86,-1,86,46,84,-1,84,46,48,-1,84,48,82,-1,82,48,50,-1,82,50,52,-1,78,54,75,-1,75,54,56,-1,75,56,70,-1,20,21,18,-1,18,21,24,-1,18,24,15,-1,15,24,26,-1,15,26,14,-1,14,26,28,-1,14,28,101,-1,101,28,30,-1,101,30,105,-1,105,30,32,-1,105,32,103,-1,103,32,34,-1,103,34,100,-1,100,34,36,-1,100,36,98,-1,98,36,38,-1,98,38,95,-1,95,38,93,-1,93,38,40,-1,93,40,91,-1,91,40,42,-1,91,42,44,-1,56,58,70,-1,70,58,60,-1,70,60,72,-1,72,60,62,-1,72,62,67,-1,67,62,64,-1,67,64,66,-1,108,109,110,-1,110,109,111,-1,112,113,114,-1,114,113,108,-1,114,108,110,-1,115,113,116,-1,116,113,112,-1,115,116,117,-1,117,116,118,-1,117,118,119,-1,120,117,121,-1,121,117,119,-1,122,123,124,-1,124,123,120,-1,124,120,121,-1,125,123,126,-1,126,123,122,-1,125,126,127,-1,127,126,128,-1,127,128,129,-1,130,127,131,-1,131,127,129,-1,132,133,134,-1,134,133,130,-1,134,130,131,-1,135,133,136,-1,136,133,132,-1,135,136,109,-1,109,136,137,-1,109,137,111,-1,135,109,108,-1,108,113,135,-1,135,113,115,-1,135,115,133,-1,127,130,125,-1,125,130,133,-1,125,133,123,-1,123,133,115,-1,123,115,120,-1,120,115,117,-1,138,139,140,-1,140,139,141,-1,140,141,142,-1,142,141,143,-1,142,143,144,-1,144,143,145,-1,144,145,146,-1,146,145,147,-1,146,147,148,-1,148,147,149,-1,148,149,150,-1,150,149,151,-1,150,151,152,-1,152,151,153,-1,152,153,154,-1,154,153,155,-1,154,155,156,-1,156,155,157,-1,156,157,158,-1,158,157,159,-1,158,159,160,-1,160,159,161,-1,160,161,162,-1,162,161,163,-1,162,163,164,-1,164,163,165,-1,164,165,166,-1,166,165,167,-1,166,167,168,-1,168,167,169,-1,168,169,170,-1,170,169,171,-1,170,171,172,-1,172,171,138,-1,172,138,140,-1,146,148,173,-1,173,148,174,-1,175,140,142,-1,146,173,176,-1,146,176,144,-1,144,176,177,-1,144,177,142,-1,142,177,178,-1,142,178,175,-1,140,175,179,-1,140,179,172,-1,172,179,180,-1,172,180,170,-1,170,180,181,-1,170,181,168,-1,168,181,182,-1,168,182,166,-1,166,182,183,-1,166,183,164,-1,164,183,184,-1,164,184,162,-1,162,184,185,-1,162,185,160,-1,160,185,186,-1,160,186,158,-1,187,152,154,-1,158,186,188,-1,158,188,156,-1,156,188,189,-1,156,189,154,-1,154,189,190,-1,154,190,187,-1,150,152,191,-1,191,152,187,-1,148,150,174,-1,174,150,191,-1,153,151,192,-1,192,151,193,-1,151,149,193,-1,193,149,194,-1,149,147,194,-1,194,147,195,-1,139,196,197,-1,139,197,141,-1,141,197,198,-1,141,198,143,-1,143,198,199,-1,143,199,145,-1,145,199,195,-1,145,195,147,-1,167,200,201,-1,167,201,169,-1,169,201,202,-1,169,202,171,-1,171,202,203,-1,171,203,138,-1,138,203,196,-1,138,196,139,-1,159,204,205,-1,159,205,161,-1,161,205,206,-1,161,206,163,-1,163,206,207,-1,163,207,165,-1,165,207,200,-1,165,200,167,-1,153,192,208,-1,153,208,155,-1,155,208,209,-1,155,209,157,-1,157,209,204,-1,157,204,159,-1,
        ]
    }
}
Shape{
    appearance Appearance {
        material  Material 	{
            diffuseColor 0.7529411764705882 0.7529411764705882 0.7529411764705882
            specularColor 0.3764705882352941 0.3764705882352941 0.3764705882352941
            ambientIntensity 0.7529
            transparency 0.0
            shininess 0.5
        }
    }
    geometry IndexedFaceSet {
        ccw TRUE
        solid FALSE
        coord DEF co Coordinate {
            point [
                0.2416 -0.203 0.3268, 0.2416 -0.2236 0.3268, 0.2456 -0.203 0.3268, 0.2455 -0.2236 0.3268, 0.2492 -0.2232 0.3268, 0.2514 -0.2223 0.3268, 0.2531 -0.2211 0.3268, 0.2534 -0.2208 0.3268, 0.2547 -0.2192 0.3268, 0.2556 -0.2172 0.3268, 0.2563 -0.2131 0.3268, 0.2533 -0.2055 0.3268, 0.2515 -0.2043 0.3268, 0.2559 -0.2097 0.3268, 0.2551 -0.2078 0.3268, 0.2541 -0.2063 0.3268, 0.2562 -0.2148 0.3268, 0.2492 -0.2035 0.3268
            ]
        }
        coordIndex [
            0,1,2,-1,2,1,3,-1,3,4,2,-1,2,4,5,-1,2,5,6,-1,6,7,2,-1,2,7,8,-1,2,8,9,-1,10,11,12,-1,13,14,10,-1,10,14,15,-1,10,15,11,-1,9,16,2,-1,2,16,10,-1,2,10,17,-1,17,10,12,-1,
        ]
    }
}
Shape{
    appearance Appearance {
        material  Material 	{
            diffuseColor 0.25098039215686274 0.25098039215686274 0.25098039215686274
            specularColor 0.12549019607843137 0.12549019607843137 0.12549019607843137
            ambientIntensity 0.251
            transparency 0.0
            shininess 0.5
        }
    }
    geometry IndexedFaceSet {
        ccw TRUE
        solid FALSE
        coord DEF co Coordinate {
            point [
                0.2688 -0.2163 0.3307, 0.2677 -0.2194 0.3307, 0.2778 -0.2163 0.3307, 0.2789 -0.2194 0.3307, 0.2728 -0.2052 0.3307, 0.2715 -0.2 0.3307, 0.2614 -0.2267 0.3307, 0.2652 -0.2267 0.3307, 0.2731 -0.2044 0.3307, 0.2733 -0.2034 0.3307, 0.2752 -0.2 0.3307, 0.2733 -0.2034 0.3307, 0.2736 -0.2045 0.3307, 0.2738 -0.2052 0.3307, 0.2854 -0.2267 0.3307, 0.2816 -0.2267 0.3307, 0.2752 -0.2 0.3268, 0.2854 -0.2267 0.3268, 0.2715 -0.2 0.3268, 0.2614 -0.2267 0.3268, 0.2691 -0.2065 0.3268, 0.2652 -0.2267 0.3268, 0.2677 -0.2194 0.3268, 0.2789 -0.2194 0.3268, 0.2691 -0.2194 0.3268, 0.2816 -0.2267 0.3268, 0.2688 -0.2163 0.3268, 0.2778 -0.2163 0.3268, 0.2738 -0.2052 0.3268, 0.2733 -0.2034 0.3268, 0.2736 -0.2045 0.3268, 0.2733 -0.2034 0.3268, 0.2728 -0.2052 0.3268, 0.2731 -0.2044 0.3268
            ]
        }
        coordIndex [
            0,1,2,-1,2,1,3,-1,4,5,0,-1,0,5,6,-1,0,6,1,-1,1,6,7,-1,4,8,5,-1,5,8,9,-1,5,9,10,-1,10,9,11,-1,10,11,12,-1,12,13,10,-1,10,13,2,-1,10,2,14,-1,14,2,3,-1,14,3,15,-1,10,14,16,-1,16,14,17,-1,5,10,18,-1,18,10,16,-1,19,6,20,-1,20,6,5,-1,20,5,18,-1,7,6,21,-1,21,6,19,-1,1,7,22,-1,22,7,21,-1,23,3,24,-1,24,3,1,-1,24,1,22,-1,15,3,25,-1,25,3,23,-1,14,15,17,-1,17,15,25,-1,0,2,26,-1,26,2,27,-1,2,13,27,-1,27,13,28,-1,11,29,30,-1,11,30,12,-1,12,30,28,-1,12,28,13,-1,11,9,29,-1,29,9,31,-1,4,32,33,-1,4,33,8,-1,8,33,31,-1,8,31,9,-1,4,0,32,-1,32,0,26,-1,
        ]
    }
}
Shape{
    appearance Appearance {
        material  Material 	{
            diffuseColor 0.7529411764705882 0.7529411764705882 0.7529411764705882
            specularColor 0.3764705882352941 0.3764705882352941 0.3764705882352941
            ambientIntensity 0.7529
            transparency 0.0
            shininess 0.5
        }
    }
    geometry IndexedFaceSet {
        ccw TRUE
        solid FALSE
        coord DEF co Coordinate {
            point [
                0.2733 -0.2034 0.3268, 0.2733 -0.2034 0.3268, 0.2736 -0.2045 0.3268, 0.2731 -0.2044 0.3268, 0.2738 -0.2052 0.3268, 0.2728 -0.2052 0.3268, 0.2778 -0.2163 0.3268, 0.2688 -0.2163 0.3268
            ]
        }
        coordIndex [
            0,1,2,-1,2,1,3,-1,2,3,4,-1,4,3,5,-1,4,5,6,-1,6,5,7,-1,
        ]
    }
}
Shape{
    appearance Appearance {
        material  Material 	{
            diffuseColor 0.25098039215686274 0.25098039215686274 0.25098039215686274
            specularColor 0.12549019607843137 0.12549019607843137 0.12549019607843137
            ambientIntensity 0.251
            transparency 0.0
            shininess 0.5
        }
    }
    geometry IndexedFaceSet {
        ccw TRUE
        solid FALSE
        coord DEF co Coordinate {
            point [
                0.1926 -0.266 0.3307, 0.1926 -0.269 0.3307, 0.1926 -0.266 0.3268, 0.1926 -0.269 0.3268, 0.1817 -0.266 0.3307, 0.1817 -0.266 0.3268, 0.1817 -0.257 0.3307, 0.1817 -0.257 0.3268, 0.1913 -0.257 0.3307, 0.1913 -0.257 0.3268, 0.1913 -0.2539 0.3307, 0.1913 -0.2539 0.3268, 0.1817 -0.2539 0.3307, 0.1817 -0.2539 0.3268, 0.1817 -0.2454 0.3307, 0.1817 -0.2454 0.3268, 0.192 -0.2454 0.3307, 0.192 -0.2454 0.3268, 0.192 -0.2423 0.3307, 0.192 -0.2423 0.3268, 0.1783 -0.2423 0.3307, 0.1783 -0.2423 0.3268, 0.1783 -0.269 0.3307, 0.1783 -0.269 0.3268, 0.2078 -0.269 0.3307, 0.2111 -0.269 0.3307, 0.2078 -0.266 0.3307, 0.2111 -0.2567 0.3307, 0.2078 -0.2569 0.3307, 0.2005 -0.2609 0.3307, 0.2013 -0.2605 0.3307, 0.2077 -0.266 0.3307, 0.2059 -0.2656 0.3307, 0.2072 -0.2669 0.3307, 0.205 -0.2662 0.3307, 0.2033 -0.26 0.3307, 0.2078 -0.2594 0.3307, 0.2078 -0.2613 0.3307, 0.2078 -0.2615 0.3307, 0.2076 -0.263 0.3307, 0.2071 -0.2642 0.3307, 0.2064 -0.2651 0.3307, 0.2077 -0.2554 0.3307, 0.2109 -0.2542 0.3307, 0.2073 -0.2542 0.3307, 0.2104 -0.2527 0.3307, 0.2069 -0.2535 0.3307, 0.2097 -0.2516 0.3307, 0.2064 -0.253 0.3307, 0.2088 -0.2507 0.3307, 0.2058 -0.2526 0.3307, 0.2077 -0.2501 0.3307, 0.2051 -0.2523 0.3307, 0.2063 -0.2497 0.3307, 0.2039 -0.2522 0.3307, 0.2042 -0.2495 0.3307, 0.2018 -0.2524 0.3307, 0.2009 -0.2499 0.3307, 0.1997 -0.2532 0.3307, 0.1984 -0.2509 0.3307, 0.1977 -0.2545 0.3307, 0.1977 -0.2513 0.3307, 0.1999 -0.2656 0.3307, 0.1975 -0.2679 0.3307, 0.2002 -0.2658 0.3307, 0.1986 -0.2687 0.3307, 0.2008 -0.2663 0.3307, 0.1999 -0.2692 0.3307, 0.2016 -0.2666 0.3307, 0.2019 -0.2694 0.3307, 0.2027 -0.2667 0.3307, 0.2036 -0.2693 0.3307, 0.204 -0.2666 0.3307, 0.205 -0.2688 0.3307, 0.2061 -0.268 0.3307, 0.1992 -0.2631 0.3307, 0.1958 -0.2634 0.3307, 0.1992 -0.2636 0.3307, 0.1958 -0.2639 0.3307, 0.1993 -0.2644 0.3307, 0.196 -0.2654 0.3307, 0.1995 -0.265 0.3307, 0.1964 -0.2665 0.3307, 0.1971 -0.2676 0.3307, 0.2021 -0.2577 0.3307, 0.1997 -0.2583 0.3307, 0.2001 -0.2612 0.3307, 0.1982 -0.259 0.3307, 0.1997 -0.2617 0.3307, 0.1972 -0.2599 0.3307, 0.1994 -0.2623 0.3307, 0.1965 -0.2608 0.3307, 0.1961 -0.262 0.3307, 0.2042 -0.2495 0.3268, 0.2009 -0.2499 0.3268, 0.1984 -0.2509 0.3268, 0.1977 -0.2513 0.3268, 0.1977 -0.2545 0.3268, 0.1997 -0.2532 0.3268, 0.2018 -0.2524 0.3268, 0.2039 -0.2522 0.3268, 0.2051 -0.2523 0.3268, 0.2058 -0.2526 0.3268, 0.2064 -0.253 0.3268, 0.2069 -0.2535 0.3268, 0.2073 -0.2542 0.3268, 0.2077 -0.2554 0.3268, 0.2078 -0.2569 0.3268, 0.2021 -0.2577 0.3268, 0.1997 -0.2583 0.3268, 0.1982 -0.259 0.3268, 0.1972 -0.2599 0.3268, 0.1965 -0.2608 0.3268, 0.1961 -0.262 0.3268, 0.1958 -0.2634 0.3268, 0.1958 -0.2639 0.3268, 0.196 -0.2654 0.3268, 0.1964 -0.2665 0.3268, 0.1971 -0.2676 0.3268, 0.1975 -0.2679 0.3268, 0.2019 -0.2694 0.3268, 0.1999 -0.2692 0.3268, 0.1999 -0.2692 0.3268, 0.1986 -0.2687 0.3268, 0.2036 -0.2693 0.3268, 0.2037 -0.2692 0.3268, 0.205 -0.2688 0.3268, 0.2061 -0.268 0.3268, 0.2072 -0.2669 0.3268, 0.2077 -0.266 0.3268, 0.2078 -0.266 0.3268, 0.2078 -0.269 0.3268, 0.2111 -0.269 0.3268, 0.2111 -0.2567 0.3268, 0.2109 -0.2542 0.3268, 0.2104 -0.2527 0.3268, 0.2097 -0.2516 0.3268, 0.2088 -0.2507 0.3268, 0.2077 -0.2501 0.3268, 0.2063 -0.2497 0.3268, 0.2001 -0.2612 0.3268, 0.2005 -0.2609 0.3268, 0.2013 -0.2605 0.3268, 0.2033 -0.26 0.3268, 0.1992 -0.2636 0.3268, 0.1992 -0.2631 0.3268, 0.1994 -0.2623 0.3268, 0.1997 -0.2617 0.3268, 0.2002 -0.2658 0.3268, 0.1999 -0.2656 0.3268, 0.1995 -0.265 0.3268, 0.1993 -0.2644 0.3268, 0.2027 -0.2667 0.3268, 0.2016 -0.2666 0.3268, 0.2008 -0.2663 0.3268, 0.2064 -0.2651 0.3268, 0.2059 -0.2656 0.3268, 0.205 -0.2662 0.3268, 0.204 -0.2666 0.3268, 0.2078 -0.2613 0.3268, 0.2078 -0.2615 0.3268, 0.2076 -0.263 0.3268, 0.2071 -0.2642 0.3268, 0.2078 -0.2594 0.3268
            ]
        }
        coordIndex [
            0,1,2,-1,2,1,3,-1,4,0,5,-1,5,0,2,-1,6,4,7,-1,7,4,5,-1,8,6,9,-1,9,6,7,-1,10,8,11,-1,11,8,9,-1,12,10,13,-1,13,10,11,-1,14,12,15,-1,15,12,13,-1,16,14,17,-1,17,14,15,-1,18,16,19,-1,19,16,17,-1,20,18,21,-1,21,18,19,-1,22,20,23,-1,23,20,21,-1,1,22,3,-1,3,22,23,-1,22,1,0,-1,0,4,22,-1,22,4,6,-1,22,6,20,-1,16,18,14,-1,14,18,20,-1,14,20,12,-1,12,20,6,-1,12,6,10,-1,10,6,8,-1,24,25,26,-1,26,25,27,-1,28,29,30,-1,31,32,33,-1,33,32,34,-1,35,36,27,-1,27,36,37,-1,37,38,27,-1,27,38,39,-1,27,39,26,-1,26,39,40,-1,26,40,31,-1,31,40,41,-1,31,41,32,-1,30,35,28,-1,28,35,27,-1,28,27,42,-1,42,27,43,-1,42,43,44,-1,44,43,45,-1,44,45,46,-1,46,45,47,-1,46,47,48,-1,48,47,49,-1,48,49,50,-1,50,49,51,-1,50,51,52,-1,52,51,53,-1,52,53,54,-1,54,53,55,-1,54,55,56,-1,56,55,57,-1,56,57,58,-1,58,57,59,-1,58,59,60,-1,60,59,61,-1,62,63,64,-1,64,63,65,-1,64,65,66,-1,66,65,67,-1,66,67,68,-1,68,67,69,-1,68,69,70,-1,70,69,71,-1,70,71,72,-1,72,71,73,-1,72,73,34,-1,34,73,74,-1,34,74,33,-1,75,76,77,-1,77,76,78,-1,77,78,79,-1,79,78,80,-1,79,80,81,-1,81,80,82,-1,81,82,62,-1,62,82,83,-1,62,83,63,-1,28,84,29,-1,29,84,85,-1,29,85,86,-1,86,85,87,-1,86,87,88,-1,88,87,89,-1,88,89,90,-1,90,89,91,-1,90,91,75,-1,75,91,92,-1,75,92,76,-1,55,93,94,-1,55,94,57,-1,57,94,95,-1,57,95,59,-1,59,95,96,-1,59,96,61,-1,60,61,97,-1,97,61,96,-1,60,97,98,-1,60,98,58,-1,58,98,99,-1,58,99,56,-1,56,99,100,-1,56,100,54,-1,54,100,101,-1,54,101,52,-1,52,101,102,-1,52,102,50,-1,50,102,103,-1,50,103,48,-1,48,103,104,-1,48,104,46,-1,46,104,105,-1,46,105,44,-1,44,105,106,-1,44,106,42,-1,42,106,107,-1,42,107,28,-1,84,28,108,-1,108,28,107,-1,84,108,109,-1,84,109,85,-1,85,109,110,-1,85,110,87,-1,87,110,111,-1,87,111,89,-1,89,111,112,-1,89,112,91,-1,91,112,113,-1,91,113,92,-1,92,113,114,-1,92,114,76,-1,76,114,115,-1,76,115,78,-1,78,115,116,-1,78,116,80,-1,80,116,117,-1,80,117,82,-1,82,117,118,-1,82,118,83,-1,83,118,119,-1,83,119,63,-1,120,69,121,-1,121,69,67,-1,121,67,122,-1,122,67,65,-1,122,65,123,-1,123,65,63,-1,123,63,119,-1,69,120,124,-1,69,124,71,-1,71,124,125,-1,71,125,73,-1,125,126,73,-1,73,126,127,-1,73,127,74,-1,74,127,128,-1,74,128,33,-1,33,128,129,-1,33,129,31,-1,26,31,130,-1,130,31,129,-1,24,26,131,-1,131,26,130,-1,25,24,132,-1,132,24,131,-1,27,25,133,-1,133,25,132,-1,27,133,134,-1,27,134,43,-1,43,134,135,-1,43,135,45,-1,45,135,136,-1,45,136,47,-1,47,136,137,-1,47,137,49,-1,49,137,138,-1,49,138,51,-1,51,138,139,-1,51,139,53,-1,53,139,93,-1,53,93,55,-1,86,140,141,-1,86,141,29,-1,29,141,142,-1,29,142,30,-1,30,142,143,-1,30,143,35,-1,77,144,145,-1,77,145,75,-1,75,145,146,-1,75,146,90,-1,90,146,147,-1,90,147,88,-1,88,147,140,-1,88,140,86,-1,64,148,149,-1,64,149,62,-1,62,149,150,-1,62,150,81,-1,81,150,151,-1,81,151,79,-1,79,151,144,-1,79,144,77,-1,70,152,153,-1,70,153,68,-1,68,153,154,-1,68,154,66,-1,66,154,148,-1,66,148,64,-1,41,155,156,-1,41,156,32,-1,32,156,157,-1,32,157,34,-1,34,157,158,-1,34,158,72,-1,72,158,152,-1,72,152,70,-1,37,159,160,-1,37,160,38,-1,38,160,161,-1,38,161,39,-1,39,161,162,-1,39,162,40,-1,40,162,155,-1,40,155,41,-1,37,36,159,-1,159,36,163,-1,36,35,163,-1,163,35,143,-1,
        ]
    }
}
Shape{
    appearance Appearance {
        material  Material 	{
            diffuseColor 0.7529411764705882 0.7529411764705882 0.7529411764705882
            specularColor 0.3764705882352941 0.3764705882352941 0.3764705882352941
            ambientIntensity 0.7529
            transparency 0.0
            shininess 0.5
        }
    }
    geometry IndexedFaceSet {
        ccw TRUE
        solid FALSE
        coord DEF co Coordinate {
            point [
                0.2078 -0.2615 0.3268, 0.2078 -0.2613 0.3268, 0.2001 -0.2612 0.3268, 0.2078 -0.2594 0.3268, 0.2033 -0.26 0.3268, 0.2013 -0.2605 0.3268, 0.2005 -0.2609 0.3268, 0.2076 -0.263 0.3268, 0.1997 -0.2617 0.3268, 0.2071 -0.2642 0.3268, 0.1999 -0.2656 0.3268, 0.2002 -0.2658 0.3268, 0.2059 -0.2656 0.3268, 0.1995 -0.265 0.3268, 0.205 -0.2662 0.3268, 0.204 -0.2666 0.3268, 0.2027 -0.2667 0.3268, 0.1994 -0.2623 0.3268, 0.1992 -0.2631 0.3268, 0.2064 -0.2651 0.3268, 0.1992 -0.2636 0.3268, 0.1993 -0.2644 0.3268, 0.2008 -0.2663 0.3268, 0.2016 -0.2666 0.3268
            ]
        }
        coordIndex [
            0,1,2,-1,1,3,4,-1,4,5,1,-1,1,5,6,-1,1,6,2,-1,0,2,7,-1,7,2,8,-1,7,8,9,-1,10,11,12,-1,10,12,13,-1,14,12,15,-1,15,12,16,-1,8,17,9,-1,9,17,18,-1,9,18,19,-1,19,18,20,-1,19,20,12,-1,12,20,21,-1,12,21,13,-1,11,22,12,-1,12,22,23,-1,12,23,16,-1,
        ]
    }
}
Shape{
    appearance Appearance {
        material  Material 	{
            diffuseColor 0.25098039215686274 0.25098039215686274 0.25098039215686274
            specularColor 0.12549019607843137 0.12549019607843137 0.12549019607843137
            ambientIntensity 0.251
            transparency 0.0
            shininess 0.5
        }
    }
    geometry IndexedFaceSet {
        ccw TRUE
        solid FALSE
        coord DEF co Coordinate {
            point [
                0.2157 -0.2649 0.3268, 0.2157 -0.2649 0.3307, 0.217 -0.2657 0.3307, 0.2212 -0.2667 0.3307, 0.2212 -0.2667 0.3268, 0.219 -0.2665 0.3268, 0.219 -0.2665 0.3307, 0.2172 -0.2658 0.3268, 0.217 -0.2657 0.3268, 0.2157 -0.2683 0.3307, 0.2157 -0.2683 0.3268, 0.2172 -0.2689 0.3268, 0.2178 -0.2691 0.3307, 0.2208 -0.2694 0.3268, 0.2208 -0.2694 0.3307, 0.2189 -0.2692 0.3268, 0.2178 -0.2691 0.3268, 0.2231 -0.2692 0.3268, 0.2234 -0.2692 0.3307, 0.2234 -0.2692 0.3268, 0.2253 -0.2686 0.3268, 0.2253 -0.2686 0.3307, 0.2264 -0.2679 0.3268, 0.2264 -0.2679 0.3307, 0.2274 -0.2671 0.3268, 0.2274 -0.2671 0.3307, 0.228 -0.2662 0.3268, 0.228 -0.2662 0.3307, 0.2284 -0.2652 0.3268, 0.2284 -0.2652 0.3307, 0.2285 -0.2638 0.3268, 0.2285 -0.2638 0.3307, 0.2284 -0.2626 0.3268, 0.2284 -0.2626 0.3307, 0.228 -0.2616 0.3268, 0.228 -0.2616 0.3307, 0.2274 -0.2607 0.3268, 0.2274 -0.2607 0.3307, 0.2266 -0.2599 0.3268, 0.2266 -0.2599 0.3307, 0.2244 -0.2587 0.3268, 0.2244 -0.2587 0.3307, 0.2231 -0.2582 0.3268, 0.2231 -0.2582 0.3307, 0.221 -0.2573 0.3268, 0.221 -0.2573 0.3307, 0.2199 -0.2565 0.3268, 0.2199 -0.2565 0.3307, 0.2195 -0.2562 0.3268, 0.2195 -0.2562 0.3307, 0.2193 -0.2557 0.3268, 0.2193 -0.2557 0.3307, 0.2192 -0.2552 0.3268, 0.2192 -0.2552 0.3307, 0.2191 -0.2548 0.3268, 0.2191 -0.2548 0.3307, 0.2192 -0.2542 0.3268, 0.2192 -0.2542 0.3307, 0.2194 -0.2538 0.3268, 0.2194 -0.2538 0.3307, 0.2196 -0.2534 0.3268, 0.2196 -0.2534 0.3307, 0.2202 -0.2529 0.3268, 0.2202 -0.2529 0.3307, 0.2209 -0.2525 0.3268, 0.2209 -0.2525 0.3307, 0.2218 -0.2523 0.3268, 0.2218 -0.2523 0.3307, 0.2228 -0.2522 0.3268, 0.2228 -0.2522 0.3307, 0.225 -0.2525 0.3268, 0.225 -0.2525 0.3307, 0.2269 -0.2532 0.3268, 0.2269 -0.2532 0.3307, 0.2276 -0.2536 0.3268, 0.2276 -0.2536 0.3307, 0.2276 -0.2503 0.3307, 0.2276 -0.2503 0.3268, 0.2254 -0.2497 0.3268, 0.2254 -0.2497 0.3307, 0.2231 -0.2495 0.3268, 0.2231 -0.2495 0.3307, 0.2207 -0.2497 0.3268, 0.2207 -0.2497 0.3307, 0.2189 -0.2504 0.3268, 0.2189 -0.2504 0.3307, 0.2178 -0.251 0.3268, 0.2178 -0.251 0.3307, 0.2172 -0.2516 0.3268, 0.2168 -0.2519 0.3307, 0.2168 -0.2519 0.3268, 0.2162 -0.2528 0.3268, 0.2162 -0.2528 0.3307, 0.2158 -0.2539 0.3268, 0.2158 -0.2539 0.3307, 0.2157 -0.2551 0.3268, 0.2157 -0.2551 0.3307, 0.2158 -0.2564 0.3268, 0.2158 -0.2564 0.3307, 0.2162 -0.2574 0.3268, 0.2162 -0.2574 0.3307, 0.2166 -0.2581 0.3268, 0.2166 -0.2581 0.3307, 0.2208 -0.2606 0.3268, 0.2208 -0.2606 0.3307, 0.2188 -0.2597 0.3307, 0.2172 -0.2587 0.3268, 0.2172 -0.2587 0.3307, 0.2172 -0.2587 0.3268, 0.2188 -0.2597 0.3268, 0.2229 -0.2615 0.3268, 0.2229 -0.2615 0.3307, 0.2243 -0.2623 0.3268, 0.2243 -0.2623 0.3307, 0.2247 -0.2628 0.3268, 0.2247 -0.2628 0.3307, 0.2249 -0.2632 0.3268, 0.2249 -0.2632 0.3307, 0.2251 -0.2637 0.3268, 0.2251 -0.2637 0.3307, 0.2251 -0.2641 0.3268, 0.2251 -0.2641 0.3307, 0.225 -0.2648 0.3268, 0.225 -0.2648 0.3307, 0.2249 -0.2652 0.3268, 0.2249 -0.2652 0.3307, 0.2246 -0.2657 0.3268, 0.2246 -0.2657 0.3307, 0.2242 -0.266 0.3268, 0.2242 -0.266 0.3307, 0.2239 -0.2662 0.3268, 0.2239 -0.2662 0.3307, 0.223 -0.2665 0.3268, 0.223 -0.2665 0.3307, 0.2213 -0.2667 0.3268, 0.2213 -0.2667 0.3307, 0.2451 -0.2499 0.3307, 0.2486 -0.2499 0.3307, 0.2451 -0.2499 0.3268, 0.2486 -0.2499 0.3268, 0.2399 -0.2643 0.3307, 0.2399 -0.2643 0.3268, 0.2397 -0.2652 0.3268, 0.2397 -0.2652 0.3307, 0.2395 -0.2658 0.3268, 0.2395 -0.2658 0.3307, 0.2394 -0.2658 0.3307, 0.2394 -0.2658 0.3268, 0.239 -0.2643 0.3307, 0.239 -0.2643 0.3268, 0.234 -0.2499 0.3307, 0.2356 -0.2546 0.3268, 0.234 -0.2499 0.3268, 0.2303 -0.2499 0.3307, 0.2303 -0.2499 0.3268, 0.2378 -0.269 0.3307, 0.2356 -0.2635 0.3268, 0.2378 -0.269 0.3268, 0.2363 -0.2724 0.3268, 0.2363 -0.2724 0.3307, 0.2376 -0.2692 0.3268, 0.2356 -0.2736 0.3268, 0.2356 -0.2736 0.3307, 0.235 -0.2743 0.3268, 0.235 -0.2743 0.3307, 0.2344 -0.2747 0.3268, 0.2344 -0.2747 0.3307, 0.2337 -0.275 0.3268, 0.2337 -0.275 0.3307, 0.2329 -0.2751 0.3268, 0.2329 -0.2751 0.3307, 0.2317 -0.2749 0.3268, 0.2317 -0.2749 0.3307, 0.231 -0.2747 0.3268, 0.231 -0.2747 0.3307, 0.231 -0.2777 0.3307, 0.231 -0.2777 0.3268, 0.2324 -0.2779 0.3268, 0.2324 -0.2779 0.3307, 0.2331 -0.278 0.3268, 0.2331 -0.278 0.3307, 0.2345 -0.2778 0.3268, 0.2345 -0.2778 0.3307, 0.2356 -0.2774 0.3268, 0.2358 -0.2773 0.3307, 0.2358 -0.2773 0.3268, 0.237 -0.2765 0.3268, 0.237 -0.2765 0.3307, 0.2372 -0.2763 0.3268, 0.2372 -0.2763 0.3307, 0.2384 -0.2748 0.3268, 0.2384 -0.2748 0.3307, 0.2399 -0.2719 0.3268, 0.2399 -0.2719 0.3307, 0.241 -0.2692 0.3268, 0.2665 -0.266 0.3307, 0.2665 -0.269 0.3307, 0.2665 -0.266 0.3268, 0.2665 -0.269 0.3268, 0.2556 -0.266 0.3307, 0.2606 -0.266 0.3268, 0.2556 -0.266 0.3268, 0.2556 -0.257 0.3307, 0.2556 -0.257 0.3268, 0.2652 -0.257 0.3307, 0.2606 -0.257 0.3268, 0.2652 -0.257 0.3268, 0.2652 -0.2539 0.3307, 0.2652 -0.2539 0.3268, 0.2556 -0.2539 0.3268, 0.2556 -0.2539 0.3307, 0.2606 -0.2539 0.3268, 0.2556 -0.2454 0.3307, 0.2556 -0.2454 0.3268, 0.2659 -0.2454 0.3268, 0.2659 -0.2454 0.3307, 0.2606 -0.2454 0.3268, 0.2659 -0.2423 0.3307, 0.2659 -0.2423 0.3268, 0.2522 -0.2423 0.3268, 0.2522 -0.2423 0.3307, 0.2606 -0.2423 0.3268, 0.2522 -0.269 0.3307, 0.2522 -0.269 0.3268, 0.2606 -0.269 0.3268, 0.2881 -0.2616 0.3307, 0.2868 -0.2632 0.3307, 0.2893 -0.2653 0.3307, 0.2865 -0.2635 0.3307, 0.2865 -0.2673 0.3307, 0.2848 -0.2647 0.3307, 0.2834 -0.2684 0.3307, 0.2826 -0.2655 0.3307, 0.2789 -0.269 0.3307, 0.2789 -0.266 0.3307, 0.2716 -0.269 0.3307, 0.275 -0.266 0.3307, 0.2716 -0.2423 0.3307, 0.275 -0.2454 0.3307, 0.2792 -0.2423 0.3307, 0.2791 -0.2454 0.3307, 0.2833 -0.2428 0.3307, 0.2827 -0.2458 0.3307, 0.2865 -0.2439 0.3307, 0.285 -0.2467 0.3307, 0.2893 -0.2458 0.3307, 0.2868 -0.2479 0.3307, 0.2902 -0.2468 0.3307, 0.2875 -0.2486 0.3307, 0.2919 -0.2491 0.3307, 0.2885 -0.2501 0.3307, 0.2929 -0.2516 0.3307, 0.2893 -0.2521 0.3307, 0.2933 -0.2553 0.3307, 0.2897 -0.2554 0.3307, 0.2932 -0.257 0.3307, 0.2896 -0.2572 0.3307, 0.2926 -0.2601 0.3307, 0.2891 -0.2596 0.3307, 0.2913 -0.2629 0.3307, 0.2789 -0.269 0.3268, 0.2716 -0.269 0.3268, 0.2834 -0.2684 0.3268, 0.2865 -0.2673 0.3268, 0.2893 -0.2653 0.3268, 0.2913 -0.2629 0.3268, 0.2926 -0.2601 0.3268, 0.2932 -0.257 0.3268, 0.2933 -0.2553 0.3268, 0.2929 -0.2516 0.3268, 0.2919 -0.2491 0.3268, 0.2902 -0.2468 0.3268, 0.2893 -0.2458 0.3268, 0.2865 -0.2439 0.3268, 0.2833 -0.2428 0.3268, 0.2792 -0.2423 0.3268, 0.2716 -0.2423 0.3268, 0.2791 -0.2454 0.3268, 0.275 -0.2454 0.3268, 0.275 -0.266 0.3268, 0.2789 -0.266 0.3268, 0.2868 -0.2632 0.3268, 0.2865 -0.2635 0.3268, 0.2848 -0.2647 0.3268, 0.2826 -0.2655 0.3268, 0.2897 -0.2554 0.3268, 0.2896 -0.2572 0.3268, 0.2891 -0.2596 0.3268, 0.2881 -0.2616 0.3268, 0.2868 -0.2479 0.3268, 0.2875 -0.2486 0.3268, 0.2885 -0.2501 0.3268, 0.2893 -0.2521 0.3268, 0.2827 -0.2458 0.3268, 0.285 -0.2467 0.3268
            ]
        }
        coordIndex [
            0,1,2,-1,3,4,5,-1,3,5,6,-1,6,5,7,-1,6,7,2,-1,2,7,8,-1,2,8,0,-1,9,1,10,-1,10,1,0,-1,10,11,9,-1,9,11,12,-1,13,14,15,-1,15,14,12,-1,15,12,16,-1,16,12,11,-1,13,17,14,-1,14,17,18,-1,17,19,18,-1,18,19,20,-1,18,20,21,-1,21,20,22,-1,21,22,23,-1,23,22,24,-1,23,24,25,-1,25,24,26,-1,25,26,27,-1,27,26,28,-1,27,28,29,-1,29,28,30,-1,29,30,31,-1,31,30,32,-1,31,32,33,-1,33,32,34,-1,33,34,35,-1,35,34,36,-1,35,36,37,-1,37,36,38,-1,37,38,39,-1,39,38,40,-1,39,40,41,-1,41,40,42,-1,41,42,43,-1,43,42,44,-1,43,44,45,-1,45,44,46,-1,45,46,47,-1,47,46,48,-1,47,48,49,-1,49,48,50,-1,49,50,51,-1,51,50,52,-1,51,52,53,-1,53,52,54,-1,53,54,55,-1,55,54,56,-1,55,56,57,-1,57,56,58,-1,57,58,59,-1,59,58,60,-1,59,60,61,-1,61,60,62,-1,61,62,63,-1,63,62,64,-1,63,64,65,-1,65,64,66,-1,65,66,67,-1,67,66,68,-1,67,68,69,-1,69,68,70,-1,69,70,71,-1,71,70,72,-1,71,72,73,-1,73,72,74,-1,73,74,75,-1,76,75,77,-1,77,75,74,-1,76,77,78,-1,76,78,79,-1,79,78,80,-1,79,80,81,-1,81,80,82,-1,81,82,83,-1,83,82,84,-1,83,84,85,-1,85,84,86,-1,85,86,87,-1,86,88,87,-1,87,88,89,-1,88,90,89,-1,89,90,91,-1,89,91,92,-1,92,91,93,-1,92,93,94,-1,94,93,95,-1,94,95,96,-1,96,95,97,-1,96,97,98,-1,98,97,99,-1,98,99,100,-1,100,99,101,-1,100,101,102,-1,103,104,105,-1,102,101,106,-1,102,106,107,-1,107,106,108,-1,107,108,105,-1,105,108,109,-1,105,109,103,-1,104,103,110,-1,104,110,111,-1,111,110,112,-1,111,112,113,-1,113,112,114,-1,113,114,115,-1,115,114,116,-1,115,116,117,-1,117,116,118,-1,117,118,119,-1,119,118,120,-1,119,120,121,-1,121,120,122,-1,121,122,123,-1,123,122,124,-1,123,124,125,-1,125,124,126,-1,125,126,127,-1,127,126,128,-1,127,128,129,-1,129,128,130,-1,129,130,131,-1,131,130,132,-1,131,132,133,-1,133,132,134,-1,133,134,135,-1,135,134,4,-1,135,4,3,-1,61,63,85,-1,85,63,83,-1,45,104,43,-1,43,104,111,-1,43,111,41,-1,14,3,12,-1,12,3,6,-1,12,6,9,-1,9,6,2,-1,9,2,1,-1,63,65,83,-1,83,65,67,-1,83,67,81,-1,81,67,69,-1,81,69,79,-1,79,69,71,-1,79,71,76,-1,76,71,73,-1,76,73,75,-1,41,111,39,-1,39,111,113,-1,39,113,37,-1,37,113,115,-1,37,115,35,-1,35,115,117,-1,35,117,33,-1,33,117,119,-1,33,119,31,-1,31,119,121,-1,31,121,29,-1,29,121,123,-1,29,123,27,-1,27,123,125,-1,27,125,25,-1,25,125,127,-1,25,127,23,-1,23,127,129,-1,23,129,21,-1,21,129,131,-1,21,131,18,-1,18,131,133,-1,18,133,14,-1,14,133,135,-1,14,135,3,-1,85,87,61,-1,61,87,89,-1,61,89,59,-1,59,89,92,-1,59,92,57,-1,57,92,94,-1,57,94,55,-1,55,94,96,-1,55,96,53,-1,53,96,98,-1,53,98,51,-1,51,98,100,-1,51,100,49,-1,49,100,102,-1,49,102,47,-1,47,102,107,-1,47,107,45,-1,45,107,105,-1,45,105,104,-1,136,137,138,-1,138,137,139,-1,140,136,141,-1,141,136,138,-1,140,141,142,-1,140,142,143,-1,143,142,144,-1,143,144,145,-1,146,145,147,-1,147,145,144,-1,148,146,149,-1,149,146,147,-1,148,149,150,-1,150,149,151,-1,150,151,152,-1,153,150,154,-1,154,150,152,-1,153,154,155,-1,155,154,156,-1,155,156,157,-1,158,159,160,-1,160,159,155,-1,160,155,157,-1,159,158,161,-1,159,161,162,-1,162,161,163,-1,162,163,164,-1,164,163,165,-1,164,165,166,-1,166,165,167,-1,166,167,168,-1,168,167,169,-1,168,169,170,-1,170,169,171,-1,170,171,172,-1,172,171,173,-1,172,173,174,-1,175,174,176,-1,176,174,173,-1,175,176,177,-1,175,177,178,-1,178,177,179,-1,178,179,180,-1,180,179,181,-1,180,181,182,-1,182,181,183,-1,182,183,184,-1,183,185,184,-1,184,185,186,-1,184,186,187,-1,187,186,188,-1,187,188,189,-1,189,188,190,-1,189,190,191,-1,191,190,192,-1,191,192,193,-1,139,137,194,-1,194,137,193,-1,194,193,192,-1,143,145,193,-1,137,136,193,-1,193,136,140,-1,193,140,143,-1,150,153,148,-1,148,153,155,-1,148,155,146,-1,174,175,172,-1,172,175,178,-1,172,178,170,-1,170,178,180,-1,170,180,168,-1,168,180,182,-1,168,182,166,-1,166,182,184,-1,166,184,164,-1,145,146,193,-1,193,146,155,-1,193,155,191,-1,155,159,191,-1,191,159,162,-1,191,162,189,-1,189,162,164,-1,189,164,187,-1,187,164,184,-1,195,196,197,-1,197,196,198,-1,195,197,199,-1,199,197,200,-1,199,200,201,-1,202,199,203,-1,203,199,201,-1,202,203,204,-1,204,203,205,-1,204,205,206,-1,207,204,208,-1,208,204,206,-1,209,210,211,-1,211,210,207,-1,211,207,208,-1,212,210,213,-1,213,210,209,-1,214,215,216,-1,216,215,212,-1,216,212,213,-1,217,215,218,-1,218,215,214,-1,219,220,221,-1,221,220,217,-1,221,217,218,-1,222,220,223,-1,223,220,219,-1,222,223,196,-1,196,223,224,-1,196,224,198,-1,222,196,195,-1,195,199,222,-1,222,199,202,-1,222,202,220,-1,215,217,212,-1,212,217,220,-1,212,220,210,-1,210,220,202,-1,210,202,207,-1,207,202,204,-1,225,226,227,-1,227,226,228,-1,227,228,229,-1,229,228,230,-1,229,230,231,-1,231,230,232,-1,231,232,233,-1,233,232,234,-1,233,234,235,-1,235,234,236,-1,235,236,237,-1,237,236,238,-1,237,238,239,-1,239,238,240,-1,239,240,241,-1,241,240,242,-1,241,242,243,-1,243,242,244,-1,243,244,245,-1,245,244,246,-1,245,246,247,-1,247,246,248,-1,247,248,249,-1,249,248,250,-1,249,250,251,-1,251,250,252,-1,251,252,253,-1,253,252,254,-1,253,254,255,-1,255,254,256,-1,255,256,257,-1,257,256,258,-1,257,258,259,-1,259,258,225,-1,259,225,227,-1,233,235,260,-1,260,235,261,-1,233,260,262,-1,233,262,231,-1,231,262,263,-1,231,263,229,-1,229,263,264,-1,229,264,227,-1,227,264,265,-1,227,265,259,-1,259,265,266,-1,259,266,257,-1,257,266,267,-1,257,267,255,-1,255,267,268,-1,255,268,253,-1,253,268,269,-1,253,269,251,-1,251,269,270,-1,251,270,249,-1,249,270,271,-1,249,271,247,-1,247,271,272,-1,247,272,245,-1,245,272,273,-1,245,273,243,-1,243,273,274,-1,243,274,241,-1,241,274,275,-1,241,275,239,-1,237,239,276,-1,276,239,275,-1,235,237,261,-1,261,237,276,-1,240,238,277,-1,277,238,278,-1,238,236,278,-1,278,236,279,-1,236,234,279,-1,279,234,280,-1,226,281,282,-1,226,282,228,-1,228,282,283,-1,228,283,230,-1,230,283,284,-1,230,284,232,-1,232,284,280,-1,232,280,234,-1,254,285,286,-1,254,286,256,-1,256,286,287,-1,256,287,258,-1,258,287,288,-1,258,288,225,-1,225,288,281,-1,225,281,226,-1,246,289,290,-1,246,290,248,-1,248,290,291,-1,248,291,250,-1,250,291,292,-1,250,292,252,-1,252,292,285,-1,252,285,254,-1,240,277,293,-1,240,293,242,-1,242,293,294,-1,242,294,244,-1,244,294,289,-1,244,289,246,-1,
        ]
    }
}
Shape{
    appearance Appearance {
        material  Material 	{
            diffuseColor 0.7529411764705882 0.7529411764705882 0.7529411764705882
            specularColor 0.3764705882352941 0.3764705882352941 0.3764705882352941
            ambientIntensity 0.7529
            transparency 0.0
            shininess 0.5
        }
    }
    geometry IndexedFaceSet {
        ccw TRUE
        solid FALSE
        coord DEF co Coordinate {
            point [
                0.275 -0.2454 0.3268, 0.275 -0.266 0.3268, 0.2791 -0.2454 0.3268, 0.2789 -0.266 0.3268, 0.2826 -0.2655 0.3268, 0.2848 -0.2647 0.3268, 0.2865 -0.2635 0.3268, 0.2868 -0.2632 0.3268, 0.2881 -0.2616 0.3268, 0.2891 -0.2596 0.3268, 0.2897 -0.2554 0.3268, 0.2868 -0.2479 0.3268, 0.285 -0.2467 0.3268, 0.2893 -0.2521 0.3268, 0.2885 -0.2501 0.3268, 0.2875 -0.2486 0.3268, 0.2896 -0.2572 0.3268, 0.2827 -0.2458 0.3268
            ]
        }
        coordIndex [
            0,1,2,-1,2,1,3,-1,3,4,2,-1,2,4,5,-1,2,5,6,-1,6,7,2,-1,2,7,8,-1,2,8,9,-1,10,11,12,-1,13,14,10,-1,10,14,15,-1,10,15,11,-1,9,16,2,-1,2,16,10,-1,2,10,17,-1,17,10,12,-1,
        ]
    }
}
Shape{
    appearance Appearance {
        material  Material 	{
            diffuseColor 0.25098039215686274 0.25098039215686274 0.25098039215686274
            specularColor 0.12549019607843137 0.12549019607843137 0.12549019607843137
            ambientIntensity 0.251
            transparency 0.0
            shininess 0.5
        }
    }
    geometry IndexedFaceSet {
        ccw TRUE
        solid FALSE
        coord DEF co Coordinate {
            point [
                0.3023 -0.2587 0.3307, 0.3012 -0.2617 0.3307, 0.3112 -0.2587 0.3307, 0.3123 -0.2617 0.3307, 0.3062 -0.2476 0.3307, 0.305 -0.2423 0.3307, 0.2948 -0.269 0.3307, 0.2986 -0.269 0.3307, 0.3065 -0.2468 0.3307, 0.3067 -0.2457 0.3307, 0.3086 -0.2423 0.3307, 0.3068 -0.2457 0.3307, 0.307 -0.2468 0.3307, 0.3072 -0.2476 0.3307, 0.3188 -0.269 0.3307, 0.315 -0.269 0.3307, 0.3086 -0.2423 0.3268, 0.3188 -0.269 0.3268, 0.305 -0.2423 0.3268, 0.2948 -0.269 0.3268, 0.2986 -0.269 0.3268, 0.3012 -0.2617 0.3268, 0.3123 -0.2617 0.3268, 0.315 -0.269 0.3268, 0.3023 -0.2587 0.3268, 0.3112 -0.2587 0.3268, 0.3072 -0.2476 0.3268, 0.3068 -0.2457 0.3268, 0.307 -0.2468 0.3268, 0.3067 -0.2457 0.3268, 0.3062 -0.2476 0.3268, 0.3065 -0.2468 0.3268
            ]
        }
        coordIndex [
            0,1,2,-1,2,1,3,-1,4,5,0,-1,0,5,6,-1,0,6,1,-1,1,6,7,-1,4,8,5,-1,5,8,9,-1,5,9,10,-1,10,9,11,-1,10,11,12,-1,12,13,10,-1,10,13,2,-1,10,2,14,-1,14,2,3,-1,14,3,15,-1,10,14,16,-1,16,14,17,-1,5,10,18,-1,18,10,16,-1,6,5,19,-1,19,5,18,-1,7,6,20,-1,20,6,19,-1,1,7,21,-1,21,7,20,-1,3,1,22,-1,22,1,21,-1,15,3,23,-1,23,3,22,-1,14,15,17,-1,17,15,23,-1,0,2,24,-1,24,2,25,-1,2,13,25,-1,25,13,26,-1,11,27,28,-1,11,28,12,-1,12,28,26,-1,12,26,13,-1,11,9,27,-1,27,9,29,-1,4,30,31,-1,4,31,8,-1,8,31,29,-1,8,29,9,-1,4,0,30,-1,30,0,24,-1,
        ]
    }
}
Shape{
    appearance Appearance {
        material  Material 	{
            diffuseColor 0.7529411764705882 0.7529411764705882 0.7529411764705882
            specularColor 0.3764705882352941 0.3764705882352941 0.3764705882352941
            ambientIntensity 0.7529
            transparency 0.0
            shininess 0.5
        }
    }
    geometry IndexedFaceSet {
        ccw TRUE
        solid FALSE
        coord DEF co Coordinate {
            point [
                0.3068 -0.2457 0.3268, 0.3067 -0.2457 0.3268, 0.307 -0.2468 0.3268, 0.3065 -0.2468 0.3268, 0.3072 -0.2476 0.3268, 0.3062 -0.2476 0.3268, 0.3112 -0.2587 0.3268, 0.3023 -0.2587 0.3268
            ]
        }
        coordIndex [
            0,1,2,-1,2,1,3,-1,2,3,4,-1,4,3,5,-1,4,5,6,-1,6,5,7,-1,
        ]
    }
}
Shape{
    appearance Appearance {
        material  Material 	{
            diffuseColor 0.25098039215686274 0.25098039215686274 0.25098039215686274
            specularColor 0.12549019607843137 0.12549019607843137 0.12549019607843137
            ambientIntensity 0.251
            transparency 0.0
            shininess 0.5
        }
    }
    geometry IndexedFaceSet {
        ccw TRUE
        solid FALSE
        coord DEF co Coordinate {
            point [
                0.0604 -0.2728 0.3307, 0.0632 -0.2763 0.3307, 0.0587 -0.256 0.3307, 0.0554 -0.223 0.3307, 0.0596 -0.2208 0.3307, 0.0586 -0.2091 0.3307, 0.0704 -0.2086 0.3307, 0.0763 -0.2224 0.3307, 0.0792 -0.2164 0.3307, 0.0955 -0.2626 0.3307, 0.0955 -0.2607 0.3307, 0.0795 -0.2561 0.3307, 0.0777 -0.2556 0.3307, 0.0545 -0.2534 0.3307, 0.0561 -0.268 0.3307, 0.0585 -0.2687 0.3307, 0.0661 -0.2082 0.3307, 0.0823 -0.2585 0.3307, 0.0832 -0.26 0.3307, 0.0954 -0.2646 0.3307, 0.1221 -0.2467 0.3307, 0.1162 -0.2366 0.3307, 0.0908 -0.2499 0.3307, 0.0763 -0.2554 0.3307, 0.0745 -0.2557 0.3307, 0.072 -0.244 0.3307, 0.0728 -0.2563 0.3307, 0.0678 -0.2456 0.3307, 0.0713 -0.2574 0.3307, 0.0639 -0.2483 0.3307, 0.0706 -0.2582 0.3307, 0.0608 -0.2519 0.3307, 0.0696 -0.2597 0.3307, 0.069 -0.2615 0.3307, 0.0689 -0.2634 0.3307, 0.0834 -0.2447 0.3307, 0.0788 -0.2436 0.3307, 0.0765 -0.2435 0.3307, 0.081 -0.2571 0.3307, 0.1283 -0.2279 0.3307, 0.1298 -0.2279 0.3307, 0.1376 -0.2177 0.3307, 0.1335 -0.2284 0.3307, 0.1386 -0.218 0.3307, 0.1368 -0.2296 0.3307, 0.1442 -0.2208 0.3307, 0.1493 -0.2251 0.3307, 0.0743 -0.204 0.3307, 0.0835 -0.2113 0.3307, 0.0788 -0.2002 0.3307, 0.0886 -0.2076 0.3307, 0.0839 -0.1971 0.3307, 0.0643 -0.2197 0.3307, 0.0663 -0.2196 0.3307, 0.0683 -0.2083 0.3307, 0.0707 -0.2201 0.3307, 0.075 -0.2217 0.3307, 0.0874 -0.2469 0.3307, 0.1494 -0.2605 0.3307, 0.1405 -0.253 0.3307, 0.1442 -0.2649 0.3307, 0.1377 -0.2553 0.3307, 0.1384 -0.2678 0.3307, 0.1344 -0.2569 0.3307, 0.1321 -0.2691 0.3307, 0.131 -0.2575 0.3307, 0.1209 -0.2691 0.3307, 0.1224 -0.2575 0.3307, 0.1199 -0.2689 0.3307, 0.0693 -0.2652 0.3307, 0.0701 -0.2667 0.3307, 0.1397 -0.2317 0.3307, 0.1419 -0.2341 0.3307, 0.1532 -0.2305 0.3307, 0.1437 -0.2374 0.3307, 0.1555 -0.2363 0.3307, 0.1446 -0.241 0.3307, 0.1564 -0.2425 0.3307, 0.1446 -0.2427 0.3307, 0.1555 -0.2493 0.3307, 0.1442 -0.2464 0.3307, 0.1532 -0.2553 0.3307, 0.1429 -0.2498 0.3307, 0.1408 -0.2527 0.3307, 0.1274 -0.2027 0.3307, 0.12 -0.2114 0.3307, 0.1338 -0.2101 0.3307, 0.1242 -0.2165 0.3307, 0.1272 -0.2226 0.3307, 0.0479 -0.2339 0.3307, 0.0354 -0.2371 0.3307, 0.0473 -0.2385 0.3307, 0.0353 -0.2389 0.3307, 0.0475 -0.2415 0.3307, 0.0363 -0.2463 0.3307, 0.0489 -0.2461 0.3307, 0.039 -0.2534 0.3307, 0.0511 -0.2499 0.3307, 0.0433 -0.2596 0.3307, 0.0492 -0.2646 0.3307, 0.0837 -0.2617 0.3307, 0.0837 -0.2636 0.3307, 0.0943 -0.2693 0.3307, 0.0833 -0.2654 0.3307, 0.092 -0.2735 0.3307, 0.0824 -0.267 0.3307, 0.0891 -0.2768 0.3307, 0.0813 -0.2683 0.3307, 0.0853 -0.2794 0.3307, 0.0798 -0.2693 0.3307, 0.0811 -0.281 0.3307, 0.0782 -0.27 0.3307, 0.0765 -0.2816 0.3307, 0.0763 -0.2702 0.3307, 0.0758 -0.2816 0.3307, 0.076 -0.2702 0.3307, 0.0713 -0.2809 0.3307, 0.0743 -0.2699 0.3307, 0.0669 -0.2791 0.3307, 0.0726 -0.2692 0.3307, 0.0711 -0.2681 0.3307, 0.0927 -0.1938 0.3307, 0.0948 -0.2051 0.3307, 0.1016 -0.1928 0.3307, 0.1018 -0.2042 0.3307, 0.1103 -0.1938 0.3307, 0.1082 -0.205 0.3307, 0.1197 -0.1974 0.3307, 0.1141 -0.2073 0.3307, 0.1195 -0.211 0.3307, 0.0516 -0.2118 0.3307, 0.0455 -0.2161 0.3307, 0.0521 -0.2259 0.3307, 0.0443 -0.2173 0.3307, 0.0495 -0.2297 0.3307, 0.0397 -0.2231 0.3307, 0.0367 -0.23 0.3307, 0.1215 -0.2573 0.3307, 0.1169 -0.2671 0.3307, 0.1174 -0.2675 0.3307, 0.1221 -0.2575 0.3307, 0.1186 -0.2684 0.3307, 0.1154 -0.2632 0.3307, 0.1156 -0.2646 0.3307, 0.1161 -0.2659 0.3307, 0.1198 -0.2575 0.3307, 0.1185 -0.258 0.3307, 0.1155 -0.2625 0.3307, 0.1174 -0.2589 0.3307, 0.1166 -0.2597 0.3307, 0.1159 -0.261 0.3307, 0.1213 -0.2573 0.3307, 0.1564 -0.2425 0.3268, 0.1555 -0.2363 0.3268, 0.1549 -0.2347 0.3268, 0.1532 -0.2305 0.3268, 0.1506 -0.2269 0.3268, 0.1493 -0.2251 0.3268, 0.1442 -0.2208 0.3268, 0.1386 -0.218 0.3268, 0.1376 -0.2177 0.3268, 0.1338 -0.2101 0.3268, 0.1274 -0.2027 0.3268, 0.1231 -0.1997 0.3268, 0.1197 -0.1974 0.3268, 0.1103 -0.1938 0.3268, 0.1016 -0.1928 0.3268, 0.0788 -0.2002 0.3268, 0.0796 -0.1997 0.3268, 0.0839 -0.1971 0.3268, 0.0927 -0.1938 0.3268, 0.0743 -0.204 0.3268, 0.0704 -0.2086 0.3268, 0.0683 -0.2083 0.3268, 0.0661 -0.2082 0.3268, 0.0586 -0.2091 0.3268, 0.0516 -0.2118 0.3268, 0.0455 -0.2161 0.3268, 0.0443 -0.2173 0.3268, 0.0397 -0.2231 0.3268, 0.038 -0.2269 0.3268, 0.0367 -0.23 0.3268, 0.0358 -0.2347 0.3268, 0.0354 -0.2371 0.3268, 0.0353 -0.2389 0.3268, 0.0363 -0.2463 0.3268, 0.039 -0.2534 0.3268, 0.0433 -0.2596 0.3268, 0.0492 -0.2646 0.3268, 0.0561 -0.268 0.3268, 0.0585 -0.2687 0.3268, 0.0587 -0.2692 0.3268, 0.0604 -0.2728 0.3268, 0.0632 -0.2763 0.3268, 0.0669 -0.2791 0.3268, 0.0687 -0.2798 0.3268, 0.0713 -0.2809 0.3268, 0.0758 -0.2816 0.3268, 0.0765 -0.2816 0.3268, 0.0955 -0.2626 0.3268, 0.0811 -0.281 0.3268, 0.0844 -0.2798 0.3268, 0.0853 -0.2794 0.3268, 0.0891 -0.2768 0.3268, 0.092 -0.2735 0.3268, 0.0943 -0.2693 0.3268, 0.0943 -0.2692 0.3268, 0.0954 -0.2646 0.3268, 0.0955 -0.2607 0.3268, 0.1221 -0.2467 0.3268, 0.1162 -0.2366 0.3268, 0.0908 -0.2499 0.3268, 0.0874 -0.2469 0.3268, 0.0834 -0.2447 0.3268, 0.0788 -0.2436 0.3268, 0.0765 -0.2435 0.3268, 0.072 -0.244 0.3268, 0.0678 -0.2456 0.3268, 0.0639 -0.2483 0.3268, 0.0608 -0.2519 0.3268, 0.0587 -0.256 0.3268, 0.0545 -0.2534 0.3268, 0.0511 -0.2499 0.3268, 0.0489 -0.2461 0.3268, 0.0475 -0.2415 0.3268, 0.0473 -0.2385 0.3268, 0.0478 -0.2347 0.3268, 0.0479 -0.2339 0.3268, 0.0495 -0.2297 0.3268, 0.0515 -0.2269 0.3268, 0.0521 -0.2259 0.3268, 0.0554 -0.223 0.3268, 0.0596 -0.2208 0.3268, 0.0643 -0.2197 0.3268, 0.0663 -0.2196 0.3268, 0.0707 -0.2201 0.3268, 0.075 -0.2217 0.3268, 0.0763 -0.2224 0.3268, 0.0792 -0.2164 0.3268, 0.0835 -0.2113 0.3268, 0.0886 -0.2076 0.3268, 0.0948 -0.2051 0.3268, 0.1018 -0.2042 0.3268, 0.1283 -0.2279 0.3268, 0.1281 -0.2269 0.3268, 0.1272 -0.2226 0.3268, 0.1242 -0.2165 0.3268, 0.12 -0.2114 0.3268, 0.1195 -0.211 0.3268, 0.1141 -0.2073 0.3268, 0.1082 -0.205 0.3268, 0.1298 -0.2279 0.3268, 0.1335 -0.2284 0.3268, 0.1368 -0.2296 0.3268, 0.1397 -0.2317 0.3268, 0.1419 -0.2341 0.3268, 0.1422 -0.2347 0.3268, 0.1437 -0.2374 0.3268, 0.1446 -0.241 0.3268, 0.1446 -0.2427 0.3268, 0.1442 -0.2464 0.3268, 0.1429 -0.2498 0.3268, 0.1408 -0.2527 0.3268, 0.1405 -0.253 0.3268, 0.1377 -0.2553 0.3268, 0.1344 -0.2569 0.3268, 0.131 -0.2575 0.3268, 0.1224 -0.2575 0.3268, 0.1221 -0.2575 0.3268, 0.1215 -0.2573 0.3268, 0.1213 -0.2573 0.3268, 0.1198 -0.2575 0.3268, 0.1185 -0.258 0.3268, 0.1174 -0.2589 0.3268, 0.1166 -0.2597 0.3268, 0.1159 -0.261 0.3268, 0.1155 -0.2625 0.3268, 0.1154 -0.2632 0.3268, 0.1156 -0.2646 0.3268, 0.1161 -0.2659 0.3268, 0.1169 -0.2671 0.3268, 0.1174 -0.2675 0.3268, 0.1186 -0.2684 0.3268, 0.1199 -0.2689 0.3268, 0.1209 -0.2691 0.3268, 0.1321 -0.2691 0.3268, 0.1384 -0.2678 0.3268, 0.1442 -0.2649 0.3268, 0.1494 -0.2605 0.3268, 0.1532 -0.2553 0.3268, 0.1555 -0.2493 0.3268, 0.0763 -0.2554 0.3268, 0.0777 -0.2556 0.3268, 0.0795 -0.2561 0.3268, 0.081 -0.2571 0.3268, 0.0823 -0.2585 0.3268, 0.0832 -0.26 0.3268, 0.0837 -0.2617 0.3268, 0.0837 -0.2636 0.3268, 0.0833 -0.2654 0.3268, 0.0824 -0.267 0.3268, 0.0813 -0.2683 0.3268, 0.0798 -0.2693 0.3268, 0.0782 -0.27 0.3268, 0.0763 -0.2702 0.3268, 0.076 -0.2702 0.3268, 0.0743 -0.2699 0.3268, 0.0726 -0.2692 0.3268, 0.0711 -0.2681 0.3268, 0.0701 -0.2667 0.3268, 0.0693 -0.2652 0.3268, 0.0689 -0.2634 0.3268, 0.069 -0.2615 0.3268, 0.0696 -0.2597 0.3268, 0.0706 -0.2582 0.3268, 0.0713 -0.2574 0.3268, 0.0728 -0.2563 0.3268, 0.0745 -0.2557 0.3268
            ]
        }
        coordIndex [
            0,1,2,-1,3,4,5,-1,6,7,8,-1,9,10,11,-1,11,10,12,-1,13,14,2,-1,2,14,15,-1,2,15,0,-1,5,4,16,-1,17,18,19,-1,20,21,10,-1,10,21,22,-1,10,22,12,-1,12,22,23,-1,24,25,26,-1,26,25,27,-1,26,27,28,-1,28,27,29,-1,28,29,30,-1,30,29,31,-1,30,31,32,-1,32,31,2,-1,32,2,33,-1,33,2,34,-1,35,36,24,-1,24,36,37,-1,24,37,25,-1,9,11,19,-1,19,11,38,-1,19,38,17,-1,39,40,41,-1,41,40,42,-1,41,42,43,-1,43,42,44,-1,43,44,45,-1,45,44,46,-1,6,8,47,-1,47,8,48,-1,47,48,49,-1,49,48,50,-1,49,50,51,-1,4,52,16,-1,16,52,53,-1,16,53,54,-1,54,53,55,-1,54,55,6,-1,6,55,56,-1,6,56,7,-1,23,22,24,-1,24,22,57,-1,24,57,35,-1,58,59,60,-1,60,59,61,-1,60,61,62,-1,62,61,63,-1,62,63,64,-1,64,63,65,-1,64,65,66,-1,66,65,67,-1,66,67,68,-1,34,2,69,-1,69,2,1,-1,69,1,70,-1,44,71,46,-1,46,71,72,-1,46,72,73,-1,73,72,74,-1,73,74,75,-1,75,74,76,-1,75,76,77,-1,77,76,78,-1,77,78,79,-1,79,78,80,-1,79,80,81,-1,81,80,82,-1,81,82,58,-1,58,82,83,-1,58,83,59,-1,84,85,86,-1,86,85,87,-1,86,87,41,-1,41,87,88,-1,41,88,39,-1,89,90,91,-1,91,90,92,-1,91,92,93,-1,93,92,94,-1,93,94,95,-1,95,94,96,-1,95,96,97,-1,97,96,98,-1,97,98,13,-1,13,98,99,-1,13,99,14,-1,18,100,19,-1,19,100,101,-1,19,101,102,-1,102,101,103,-1,102,103,104,-1,104,103,105,-1,104,105,106,-1,106,105,107,-1,106,107,108,-1,108,107,109,-1,108,109,110,-1,110,109,111,-1,110,111,112,-1,112,111,113,-1,112,113,114,-1,114,113,115,-1,114,115,116,-1,116,115,117,-1,116,117,118,-1,118,117,119,-1,118,119,1,-1,1,119,120,-1,1,120,70,-1,51,50,121,-1,121,50,122,-1,121,122,123,-1,123,122,124,-1,123,124,125,-1,125,124,126,-1,125,126,127,-1,127,126,128,-1,127,128,84,-1,84,128,129,-1,84,129,85,-1,5,130,3,-1,3,130,131,-1,3,131,132,-1,132,131,133,-1,132,133,134,-1,134,133,135,-1,134,135,89,-1,89,135,136,-1,89,136,90,-1,137,138,139,-1,67,140,68,-1,68,140,137,-1,68,137,141,-1,141,137,139,-1,142,143,137,-1,137,143,144,-1,137,144,138,-1,145,146,147,-1,146,148,147,-1,147,148,149,-1,147,149,150,-1,142,137,147,-1,147,137,151,-1,147,151,145,-1,77,152,153,-1,77,153,75,-1,75,153,154,-1,75,154,73,-1,154,155,73,-1,73,155,156,-1,73,156,46,-1,156,157,46,-1,46,157,158,-1,46,158,45,-1,45,158,159,-1,45,159,43,-1,43,159,160,-1,43,160,41,-1,41,160,161,-1,41,161,86,-1,86,161,162,-1,86,162,84,-1,84,162,127,-1,127,162,163,-1,163,164,127,-1,127,164,165,-1,127,165,125,-1,125,165,166,-1,125,166,123,-1,167,49,168,-1,168,49,51,-1,168,51,169,-1,169,51,121,-1,169,121,170,-1,170,121,123,-1,170,123,166,-1,49,167,171,-1,49,171,47,-1,47,171,172,-1,47,172,6,-1,6,172,173,-1,6,173,54,-1,54,173,174,-1,54,174,16,-1,16,174,175,-1,16,175,5,-1,5,175,176,-1,5,176,130,-1,130,176,177,-1,130,177,131,-1,131,177,178,-1,131,178,133,-1,136,135,179,-1,179,135,133,-1,179,133,178,-1,179,180,136,-1,136,180,181,-1,136,181,90,-1,90,181,182,-1,182,183,90,-1,90,183,184,-1,90,184,92,-1,92,184,185,-1,92,185,94,-1,94,185,186,-1,94,186,96,-1,96,186,187,-1,96,187,98,-1,98,187,188,-1,98,188,99,-1,99,188,189,-1,99,189,14,-1,14,189,190,-1,14,190,15,-1,15,190,191,-1,15,191,0,-1,191,192,0,-1,0,192,193,-1,0,193,1,-1,1,193,194,-1,1,194,118,-1,118,194,195,-1,118,195,116,-1,195,196,116,-1,116,196,197,-1,116,197,114,-1,114,197,198,-1,114,198,112,-1,199,9,19,-1,112,198,200,-1,112,200,110,-1,110,200,201,-1,110,201,108,-1,201,202,108,-1,108,202,203,-1,108,203,106,-1,106,203,204,-1,106,204,104,-1,104,204,205,-1,104,205,102,-1,102,205,206,-1,102,206,19,-1,19,206,207,-1,19,207,199,-1,10,9,208,-1,208,9,199,-1,20,10,209,-1,209,10,208,-1,21,20,210,-1,210,20,209,-1,22,21,211,-1,211,21,210,-1,22,211,212,-1,22,212,57,-1,57,212,213,-1,57,213,35,-1,35,213,214,-1,35,214,36,-1,36,214,215,-1,36,215,37,-1,37,215,216,-1,37,216,25,-1,25,216,217,-1,25,217,27,-1,27,217,218,-1,27,218,29,-1,29,218,219,-1,29,219,31,-1,31,219,220,-1,31,220,2,-1,2,220,221,-1,2,221,13,-1,13,221,222,-1,13,222,97,-1,97,222,223,-1,97,223,95,-1,95,223,224,-1,95,224,93,-1,93,224,225,-1,93,225,91,-1,225,226,91,-1,91,226,89,-1,226,227,89,-1,89,227,228,-1,89,228,134,-1,134,228,229,-1,134,229,132,-1,229,230,132,-1,132,230,231,-1,132,231,3,-1,3,231,232,-1,3,232,4,-1,4,232,233,-1,4,233,52,-1,52,233,234,-1,52,234,53,-1,53,234,235,-1,53,235,55,-1,55,235,236,-1,55,236,56,-1,56,236,237,-1,56,237,7,-1,7,237,238,-1,7,238,8,-1,8,238,239,-1,8,239,48,-1,48,239,240,-1,48,240,50,-1,50,240,241,-1,50,241,122,-1,122,241,242,-1,122,242,124,-1,243,39,244,-1,244,39,88,-1,244,88,245,-1,245,88,87,-1,245,87,246,-1,246,87,85,-1,246,85,247,-1,247,85,129,-1,247,129,248,-1,248,129,128,-1,248,128,249,-1,249,128,126,-1,249,126,250,-1,250,126,124,-1,250,124,242,-1,40,39,251,-1,251,39,243,-1,40,251,252,-1,40,252,42,-1,42,252,253,-1,42,253,44,-1,44,253,254,-1,44,254,71,-1,71,254,255,-1,71,255,72,-1,72,255,256,-1,72,256,74,-1,256,257,74,-1,74,257,258,-1,74,258,76,-1,76,258,259,-1,76,259,78,-1,78,259,260,-1,78,260,80,-1,80,260,261,-1,80,261,82,-1,82,261,262,-1,82,262,83,-1,83,262,263,-1,83,263,59,-1,59,263,264,-1,59,264,61,-1,61,264,265,-1,61,265,63,-1,63,265,266,-1,63,266,65,-1,67,65,267,-1,267,65,266,-1,67,267,268,-1,67,268,140,-1,140,268,269,-1,140,269,137,-1,137,269,270,-1,137,270,151,-1,151,270,271,-1,151,271,145,-1,145,271,272,-1,145,272,146,-1,146,272,273,-1,146,273,148,-1,148,273,274,-1,148,274,149,-1,149,274,275,-1,149,275,150,-1,150,275,276,-1,150,276,147,-1,147,276,277,-1,147,277,142,-1,142,277,278,-1,142,278,143,-1,143,278,279,-1,143,279,144,-1,144,279,280,-1,144,280,138,-1,138,280,281,-1,138,281,139,-1,139,281,282,-1,139,282,141,-1,141,282,283,-1,141,283,68,-1,68,283,284,-1,68,284,66,-1,64,66,285,-1,285,66,284,-1,64,285,286,-1,64,286,62,-1,62,286,287,-1,62,287,60,-1,60,287,288,-1,60,288,58,-1,58,288,289,-1,58,289,81,-1,81,289,290,-1,81,290,79,-1,79,290,152,-1,79,152,77,-1,23,291,292,-1,23,292,12,-1,12,292,293,-1,12,293,11,-1,11,293,294,-1,11,294,38,-1,38,294,295,-1,38,295,17,-1,17,295,296,-1,17,296,18,-1,18,296,297,-1,18,297,100,-1,100,297,298,-1,100,298,101,-1,101,298,299,-1,101,299,103,-1,103,299,300,-1,103,300,105,-1,105,300,301,-1,105,301,107,-1,107,301,302,-1,107,302,109,-1,109,302,303,-1,109,303,111,-1,111,303,304,-1,111,304,113,-1,113,304,305,-1,113,305,115,-1,115,305,306,-1,115,306,117,-1,117,306,307,-1,117,307,119,-1,119,307,308,-1,119,308,120,-1,120,308,309,-1,120,309,70,-1,70,309,310,-1,70,310,69,-1,69,310,311,-1,69,311,34,-1,34,311,312,-1,34,312,33,-1,33,312,313,-1,33,313,32,-1,32,313,314,-1,32,314,30,-1,30,314,315,-1,30,315,28,-1,28,315,316,-1,28,316,26,-1,26,316,317,-1,26,317,24,-1,24,317,291,-1,24,291,23,-1,
        ]
    }
}
Shape{
    appearance Appearance {
        material  Material 	{
            diffuseColor 0.7529411764705882 0.7529411764705882 0.7529411764705882
            specularColor 0.3764705882352941 0.3764705882352941 0.3764705882352941
            ambientIntensity 0.7529
            transparency 0.0
            shininess 0.5
        }
    }
    geometry IndexedFaceSet {
        ccw TRUE
        solid FALSE
        coord DEF co Coordinate {
            point [
                0.076 -0.2702 0.3268, 0.0713 -0.2574 0.3268, 0.0706 -0.2582 0.3268, 0.0782 -0.27 0.3268, 0.0798 -0.2693 0.3268, 0.0777 -0.2556 0.3268, 0.0763 -0.2554 0.3268, 0.0745 -0.2557 0.3268, 0.0728 -0.2563 0.3268, 0.0693 -0.2652 0.3268, 0.0701 -0.2667 0.3268, 0.0711 -0.2681 0.3268, 0.0763 -0.2702 0.3268, 0.0832 -0.26 0.3268, 0.0823 -0.2585 0.3268, 0.0824 -0.267 0.3268, 0.081 -0.2571 0.3268, 0.0696 -0.2597 0.3268, 0.069 -0.2615 0.3268, 0.0689 -0.2634 0.3268, 0.0726 -0.2692 0.3268, 0.0743 -0.2699 0.3268, 0.0813 -0.2683 0.3268, 0.0795 -0.2561 0.3268, 0.0833 -0.2654 0.3268, 0.0837 -0.2636 0.3268, 0.0837 -0.2617 0.3268
            ]
        }
        coordIndex [
            0,1,2,-1,3,4,5,-1,6,7,0,-1,0,7,8,-1,0,8,1,-1,9,10,2,-1,2,10,11,-1,6,0,5,-1,5,0,12,-1,5,12,3,-1,13,14,15,-1,15,14,16,-1,17,18,2,-1,2,18,19,-1,2,19,9,-1,11,20,2,-1,2,20,21,-1,2,21,0,-1,4,22,5,-1,5,22,15,-1,5,15,23,-1,23,15,16,-1,24,25,15,-1,15,25,26,-1,15,26,13,-1,
        ]
    }
}